commit_hash,parent_commit,commit_date,package_path,pre_pname,pre_version,pre_fetcher_type,pre_fetcher_content,pre_builder_type,pre_nixpkgs_base,post_pname,post_version,post_fetcher_type,post_fetcher_content,post_builder_type,post_nixpkgs_base,version_changed,fetcher_hash_changed,fetcher_url_changed,fetcher_type_changed,builder_changed,change_category,diff_lines_added,diff_lines_removed,diff_lines_total,previous_update_date,previous_update_commit,days_since_previous_update,package_added_date,input_drvs_match,input_drvs_diff_count,random_order,post_src_ref,post_src_ref_attr,nurl_supported
4eb419e295309c30b48c167abd7c79e4fe9bc00a,3b837fa81a2be3f89f97a5a90975cbd2191af803,2025-09-29,pkgs/by-name/gl/gleam/package.nix,gleam,1.12.0,fetchFromGitHub,"fetchFromGitHub {␤    owner = ""gleam-lang"";␤    repo = ""gleam"";␤    tag = ""v${finalAttrs.version}"";␤    hash = ""sha256-Qjl+I09tnBbGc771SVJVb6fzAZ2tVOnBNhGfrIUh824="";␤  }",buildRustPackage,d7f52a7a640bc54c7bb414cca603835bf8dd4b10,gleam,1.13.0,fetchFromGitHub,"fetchFromGitHub {␤    owner = ""gleam-lang"";␤    repo = ""gleam"";␤    tag = ""v${finalAttrs.version}"";␤    hash = ""sha256-06ap5z1vtv2Rsd98LcLRpvxff1NfkuHNdI844DZuEhQ="";␤  }",buildRustPackage,9547cfd27b5158eb612a6812dfc5c7b3d118b996,TRUE,TRUE,FALSE,FALSE,FALSE,version_bump,3,3,6,2025-07-18,deef2074f14559dd1ac62d57347ea7a047efac19,73,2025-04-17,FALSE,6,1,v1.13.0,tag,yes
0afa0fafce2489f8641d9a8b656487e218ff74ec,c231242f00f120aa8523290fbfdbfdadd3818c66,2025-10-18,pkgs/by-name/ra/ramalama/package.nix,ramalama,0.12.3,fetchFromGitHub,"fetchFromGitHub {␤    owner = ""containers"";␤    repo = ""ramalama"";␤    tag = ""v${version}"";␤    hash = ""sha256-PnuAPQ9RF7IRnmHtUrwDRXIKEzZBDEU2mWfG5FyfY0c="";␤  }",buildPythonApplication,34761aab73dd38c9b61f92838c9055a96e46593c,ramalama,0.13.0,fetchFromGitHub,"fetchFromGitHub {␤    owner = ""containers"";␤    repo = ""ramalama"";␤    tag = ""v${version}"";␤    hash = ""sha256-S4TZN+vExZ/5KJOgkhwlX0p+xPDI6tjmS2WDWgXzDOI="";␤  }",buildPythonApplication,34761aab73dd38c9b61f92838c9055a96e46593c,TRUE,TRUE,FALSE,FALSE,FALSE,version_bump,18,11,29,2025-10-03,79847f67b982038a2a8cc8989da764e197f54298,15,2025-05-10,FALSE,2,2,v0.13.0,tag,yes
b9e30a0bb6d4ed9b3cc78ba9a4fdec26d6fb1807,3dbb3a5929fb63cfba97c71148875d21963b839e,2025-10-18,pkgs/by-name/sb/sbctl/package.nix,sbctl,0.17,fetchFromGitHub,"fetchFromGitHub {␤    owner = ""Foxboron"";␤    repo = ""sbctl"";␤    tag = version;␤    hash = ""sha256-7dCaWemkus2GHxILBEx5YvzdAmv89JfcPbqZZ6QwriI"";␤  }",buildGoModule,36226520e9f7a35bf341cbe3b6a1ff9047bec6d9,sbctl,0.18,fetchFromGitHub,"fetchFromGitHub {␤    owner = ""Foxboron"";␤    repo = ""sbctl"";␤    tag = version;␤    hash = ""sha256-Q8uQ74XvteMRcnUPu1PjLAPWt3jeI7aF4m3QMjiZJis="";␤  }",buildGoModule,36226520e9f7a35bf341cbe3b6a1ff9047bec6d9,TRUE,TRUE,FALSE,FALSE,FALSE,version_bump,6,1,7,2025-07-22,5a0711127cd8b916c3d3128f473388c8c79df0da,88,2024-05-25,FALSE,2,3,0.18,tag,yes
924ad3375bf8c09d55d2f8e30b2daf5fa9562cb3,ace9daf9c87da128ab31f82e211fcc60ff99080b,2025-10-17,pkgs/by-name/uc/uclient/package.nix,uclient,unstable-2023-04-13,fetchgit,"fetchgit {␤    url = ""https://git.openwrt.org/project/uclient.git"";␤    rev = ""007d945467499f43656b141171d31f5643b83a6c"";␤    hash = ""sha256-A47dyVc2MtOL6aImZ0b3SMWH2vzjfAXzRAOF4nfH6S0="";␤  }",mkDerivation,34761aab73dd38c9b61f92838c9055a96e46593c,uclient,unstable-2025-10-03,fetchgit,"fetchgit {␤    url = ""https://git.openwrt.org/project/uclient.git"";␤    rev = ""dc909ca71bc884c0e5362e1d7cc7808696cb2add"";␤    hash = ""sha256-jrhLBB3Mb7FvxMtKxG7e7D/hcyygTjx868POGtF+Dcc="";␤  }",mkDerivation,34761aab73dd38c9b61f92838c9055a96e46593c,TRUE,TRUE,TRUE,FALSE,FALSE,version_bump,7,1,8,2024-12-10,4f0dadbf38ee4cf4cc38cbc232b7708fddf965bc,311,2024-11-09,FALSE,2,4,dc909ca71bc884c0e5362e1d7cc7808696cb2add,rev,yes
a712978dca991b6e39feb99727a974d0d65676f2,8913c168d1c56dc49a7718685968f38752171c3b,2025-10-07,pkgs/by-name/py/pystring/package.nix,pystring,1.1.4-unstable-2025-06-23,fetchFromGitHub,"fetchFromGitHub {␤    owner = ""imageworks"";␤    repo = ""pystring"";␤    rev = ""02ef1186d6b77bc35f385bd4db2da75b4736adb7"";␤    hash = ""sha256-M0/nDxeRo8NBQ3/SvBc0i5O4ImIP/A8ry/jA27dLybg="";␤  }",mkDerivation,d7f52a7a640bc54c7bb414cca603835bf8dd4b10,pystring,1.1.4-unstable-2025-10-07,fetchFromGitHub,"fetchFromGitHub {␤    owner = ""imageworks"";␤    repo = ""pystring"";␤    rev = ""a09708a4870db7862e1a1aa42658c8e6e36547e7"";␤    hash = ""sha256-S43OkXcOCzPds2iDLunqg9a1zOiODo2dB9ReuOfe7Bw="";␤  }",mkDerivation,bce5fe2bb998488d8e7e7856315f90496723793c,TRUE,TRUE,TRUE,FALSE,FALSE,version_bump,8,2,10,2025-09-22,ce7e308c1a42640b90cfc8f909e80c3637f9f272,15,2024-11-09,FALSE,4,5,a09708a4870db7862e1a1aa42658c8e6e36547e7,rev,yes
52816fb87c5d3c454be1b8c66f50713eae2ec2fe,f9298006670ea29975508db7b9271fa7e3170df3,2025-10-11,pkgs/by-name/en/entwine/package.nix,entwine,3.1.1,fetchFromGitHub,"fetchFromGitHub {␤    owner = ""connormanning"";␤    repo = ""entwine"";␤    rev = version;␤    sha256 = ""sha256-1dy5NafKX0E4MwFIggnr7bQIeB1KvqnNaQQUUAs6Bq8="";␤  }",mkDerivation,870493f9a8cb0b074ae5b411b2f232015db19a65,entwine,3.2.0,fetchFromGitHub,"fetchFromGitHub {␤    owner = ""connormanning"";␤    repo = ""entwine"";␤    rev = version;␤    hash = ""sha256-RpUV75Dlyd3wTWGC3btpAFSjqpgK9zLXTl670Oh0Z2o="";␤  }",mkDerivation,362791944032cb532aabbeed7887a441496d5e6e,TRUE,TRUE,FALSE,FALSE,FALSE,version_bump,4,0,4,2025-04-20,05580f4b4433fda48fff30f60dfd303d6ee05d21,174,2024-11-09,FALSE,2,6,3.2.0,rev,yes
a418816bb763715fc59f1c99aefd703819d3cabd,ba9e09cc7687acec60caf56538faae54f4a5f960,2025-10-11,pkgs/by-name/bs/bsc/package.nix,bsc,3.3.6,fetchFromGitHub,"fetchFromGitHub {␤    owner = ""IlyaGrebnov"";␤    repo = ""libbsc"";␤    tag = ""v${finalAttrs.version}"";␤    hash = ""sha256-iUFKTDSAg2/57TPvR0nlmfVN2Z6O9kZKIg+BQQKvr/o="";␤  }",mkDerivation,362791944032cb532aabbeed7887a441496d5e6e,bsc,3.3.12,fetchFromGitHub,"fetchFromGitHub {␤    owner = ""IlyaGrebnov"";␤    repo = ""libbsc"";␤    tag = ""v${finalAttrs.version}"";␤    hash = ""sha256-3dFwmThnDzbXB6m/rDfbSz4DZAlIsm4gUOT7YwexpKA="";␤  }",mkDerivation,362791944032cb532aabbeed7887a441496d5e6e,TRUE,TRUE,FALSE,FALSE,FALSE,version_bump,8,12,20,2025-10-11,ba9e09cc7687acec60caf56538faae54f4a5f960,0,2024-07-25,FALSE,1,7,v3.3.12,tag,yes
c985b93fe200aaffd5e537f9209d2233832a4126,6f49de061ba61fe7217b1d333bdc392cabfe0ce1,2025-10-11,pkgs/by-name/gi/git-gone/package.nix,git-gone,1.2.5,fetchFromGitHub,"fetchFromGitHub {␤    owner = ""swsnr"";␤    repo = ""git-gone"";␤    tag = ""v${version}"";␤    hash = ""sha256-4BhFombZCmv/GNG2OcNlWNKTk2h65yKn1ku734gCBCQ="";␤  }",buildRustPackage,362791944032cb532aabbeed7887a441496d5e6e,git-gone,1.3.1,fetchFromGitHub,"fetchFromGitHub {␤    owner = ""swsnr"";␤    repo = ""git-gone"";␤    tag = ""v${version}"";␤    hash = ""sha256-/8ujbZ7FQTZzTG4HnHg6v3rWhxt2PuSGwIJpBVTxhfM="";␤  }",buildRustPackage,362791944032cb532aabbeed7887a441496d5e6e,TRUE,TRUE,FALSE,FALSE,FALSE,version_bump,1,20,21,2025-07-15,398b16e16cc688d8ffcf820d1ec50a55da44a108,88,2025-05-05,FALSE,2,8,v1.3.1,tag,yes
c6ceb03fdf8468ea7c1fcfbbf41fc4c8d8a18c59,121cab05fec2629b8b381153e2ee33ed280af3fc,2025-10-09,pkgs/by-name/li/libbladeRF/package.nix,libbladeRF,2.5.0,fetchFromGitHub,"fetchFromGitHub {␤    owner = ""Nuand"";␤    repo = ""bladeRF"";␤    tag = ""libbladeRF_v${version}"";␤    hash = ""sha256-H40w5YKp6M3QLrsPhILEnJiWutCYLtbgC4a63sV397Q="";␤    fetchSubmodules = true;␤  }",mkDerivation,2dad7af78a183b6c486702c18af8a9544f298377,libbladeRF,2025.1,fetchFromGitHub,"fetchFromGitHub {␤    owner = ""Nuand"";␤    repo = ""bladeRF"";␤    tag = version;␤    hash = ""sha256-gp+OnAlECGZs4+JEWNX5Gt7LYdTFJUItpmDdJgeoJO4="";␤    fetchSubmodules = true;␤  }",mkDerivation,2dad7af78a183b6c486702c18af8a9544f298377,TRUE,TRUE,TRUE,FALSE,FALSE,version_bump,4,6,10,2025-07-31,7091e75f78a96fe617a1711eb9f13f4a58c439d1,70,2024-11-09,FALSE,2,9,2025.1,tag,yes
38223d38fb638cfceb4e445639a5f714a8711bbb,e643dd6b5f2b4567dc7cd79d1c13d73f20440e1d,2025-10-09,pkgs/by-name/sn/snallygaster/package.nix,snallygaster,0.0.14,fetchFromGitHub,"fetchFromGitHub {␤    owner = ""hannob"";␤    repo = ""snallygaster"";␤    tag = ""v${version}"";␤    hash = ""sha256-H5rptK12p5dRKYjoQ6Nr8hxq8pL/3jFDgX1gnRZABTo="";␤  }",buildPythonApplication,fb5cf53218b987f2703a5bbc292a030c0fe33443,snallygaster,0.0.15,fetchFromGitHub,"fetchFromGitHub {␤    owner = ""hannob"";␤    repo = ""snallygaster"";␤    tag = ""v${version}"";␤    hash = ""sha256-t6xNRPISlPaxlwW/infW9qnxguc/wF7XpbFPzZRcgDA="";␤  }",buildPythonApplication,fb5cf53218b987f2703a5bbc292a030c0fe33443,TRUE,TRUE,FALSE,FALSE,FALSE,version_bump,4,5,9,2025-09-08,2c7e3d7af640eb3d1afa895692b8b209fb7a0433,31,2024-11-09,FALSE,1,10,v0.0.15,tag,yes
c671bc5a5ef5762147533a875a72b16681a957fd,720964439d71f7f662a60d7008968ae6988d6e3c,2025-10-08,pkgs/by-name/bl/blint/package.nix,blint,2.4.1,fetchFromGitHub,"fetchFromGitHub {␤    owner = ""owasp-dep-scan"";␤    repo = ""blint"";␤    tag = ""v${version}"";␤    hash = ""sha256-mGeC7+YzQWSlT3sW2la/f21fN8V+YoFd4fwj/PBPCMI="";␤  }",buildPythonApplication,fb5cf53218b987f2703a5bbc292a030c0fe33443,blint,3.0.0,fetchFromGitHub,"fetchFromGitHub {␤    owner = ""owasp-dep-scan"";␤    repo = ""blint"";␤    tag = ""v${version}"";␤    hash = ""sha256-9Hc6tv0oVtgaH3qOVDJvxkXteHkkqzLdA7iHLNRqCdk="";␤  }",buildPythonApplication,fb5cf53218b987f2703a5bbc292a030c0fe33443,TRUE,TRUE,FALSE,FALSE,FALSE,version_bump,2,1,3,2025-08-07,3a74dd53e86e2a159b52c499953ef3b9a500843b,62,2025-06-30,FALSE,1,11,v3.0.0,tag,yes
0c1e41a982b465aeadb729371d01a4e773afbd34,2ca437b4796d049192eb30576a50fef139038c09,2025-09-13,pkgs/by-name/sy/systemd-lsp/package.nix,systemd-lsp,0.1.0,fetchFromGitHub,"fetchFromGitHub {␤    owner = ""JFryy"";␤    repo = ""systemd-lsp"";␤    rev = ""43e0a26b12653b97939612ce8f4e2f3bae562ea1"";␤    hash = ""sha256-l2/8khzXZjyga4nEdl4pcl3AOscCBxZHH3tW3Cv+RUk="";␤  }",buildRustPackage,ab6de70223e1d4c475e0dbac6aaa37fbfdf4d08c,systemd-lsp,2025.07.14,fetchFromGitHub,"fetchFromGitHub {␤    owner = ""JFryy"";␤    repo = ""systemd-lsp"";␤    tag = ""v${finalAttrs.version}"";␤    hash = ""sha256-JjrPgpQ94C01nZ3E1NE88TBzI03YFs+x37edtYStlnc="";␤  }",buildRustPackage,ab6de70223e1d4c475e0dbac6aaa37fbfdf4d08c,TRUE,TRUE,TRUE,FALSE,FALSE,version_bump,2,11,13,2025-06-27,8715ab821b17e35d93d3d5c9b6e040413fe419de,78,2025-06-27,FALSE,1,12,v2025.07.14,tag,yes
79dc80a5bc5c03a8e2cccd2674362c25b4708874,eb3ba68d6a7306778a1e6379602e5b02363e195e,2025-10-08,pkgs/by-name/oc/oculante/package.nix,oculante,0.9.2,fetchFromGitHub,"fetchFromGitHub {␤    owner = ""woelper"";␤    repo = ""oculante"";␤    rev = version;␤    hash = ""sha256-3kDrsD24/TNcA7NkwwCHN4ez1bC5MP7g28H3jaO/M7E="";␤  }",buildRustPackage,8b5c9dd8856f0c0cf46cc91f2c21c106a9d42e25,oculante,0.9.2.1-unstable-2025-10-08,fetchFromGitHub,"fetchFromGitHub {␤    owner = ""woelper"";␤    repo = ""oculante"";␤    rev = ""51b9f70b35e09850baee85971720b8d3ac49c80b"";␤    hash = ""sha256-YTrUucO1Fq2TgnV/HHkx2fcHvBupeoMpiBSwqIvyHaQ="";␤  }",buildRustPackage,8b5c9dd8856f0c0cf46cc91f2c21c106a9d42e25,TRUE,TRUE,TRUE,FALSE,FALSE,version_bump,5,1,6,2025-07-15,398b16e16cc688d8ffcf820d1ec50a55da44a108,85,2024-11-09,FALSE,1,13,51b9f70b35e09850baee85971720b8d3ac49c80b,rev,yes
587157a9dd7e0a101879f95ad44d150171e1ccae,d7f52a7a640bc54c7bb414cca603835bf8dd4b10,2025-09-04,pkgs/by-name/mo/moon/package.nix,moon,1.38.5,fetchFromGitHub,"fetchFromGitHub {␤    owner = ""moonrepo"";␤    repo = ""moon"";␤    tag = ""v${finalAttrs.version}"";␤    hash = ""sha256-jWLyg7K+ucCsrHwFNrpmWAXznSD+3TaYGfbZ2hWlnP0="";␤  }",buildRustPackage,d7f52a7a640bc54c7bb414cca603835bf8dd4b10,moon,1.41.2,fetchFromGitHub,"fetchFromGitHub {␤    owner = ""moonrepo"";␤    repo = ""moon"";␤    tag = ""v${finalAttrs.version}"";␤    hash = ""sha256-pBuCKwBLIDv+UANyKGKbPC9am8YYgTKLF0fY2WLpOVg="";␤  }",buildRustPackage,c6a788f552b7b7af703b1a29802a7233c0067908,TRUE,TRUE,FALSE,FALSE,FALSE,version_bump,3,1,4,2025-07-17,9e261013657b63c155c6dd7b0791e9c354ad52e9,49,2025-04-19,FALSE,1,14,v1.41.2,tag,yes
f8b2809cc50ceb5eb3bfe52d53d82671d07f3c45,2e91e3ba315ae2dc645e34bdf1b70510ee3bcbdf,2025-09-28,pkgs/by-name/ma/mapnik/package.nix,mapnik,4.1.1,fetchFromGitHub,"fetchFromGitHub {␤    owner = ""mapnik"";␤    repo = ""mapnik"";␤    tag = ""v${finalAttrs.version}"";␤    hash = ""sha256-+PCN3bjLGqfK4MF6fWApnSua4Pn/mKo2m9CY8/c5xC4="";␤    fetchSubmodules = true;␤  }",mkDerivation,d7f52a7a640bc54c7bb414cca603835bf8dd4b10,mapnik,4.1.3,fetchFromGitHub,"fetchFromGitHub {␤    owner = ""mapnik"";␤    repo = ""mapnik"";␤    tag = ""v${finalAttrs.version}"";␤    hash = ""sha256-jbtVJHTAeKGpb6PtcK9Tt4qA6dsECwLSQG9JGsHJjvY="";␤    fetchSubmodules = true;␤  }",mkDerivation,e9f00bd893984bc8ce46c895c3bf7cac95331127,TRUE,TRUE,FALSE,FALSE,FALSE,version_bump,4,0,4,2025-06-28,de3616195b79fb688fc49e2c9a8d148fa0f28e62,92,2025-06-07,FALSE,2,15,v4.1.3,tag,yes
20f68e9d4c643c8f7d3786ab03b9cf4e1b907e77,697ef599ace7684291636a9fa6da31cf30fc8b3a,2025-10-05,pkgs/by-name/po/podman-desktop/package.nix,podman-desktop,1.21.0,fetchFromGitHub,"fetchFromGitHub {␤    owner = ""containers"";␤    repo = ""podman-desktop"";␤    tag = ""v${finalAttrs.version}"";␤    hash = ""sha256-Wio+lETdsDhcZvluKV6gUqjT0lTE9nYL5TqPLCR4Kr0="";␤  }",mkDerivation,d7f52a7a640bc54c7bb414cca603835bf8dd4b10,podman-desktop,1.22.0,fetchFromGitHub,"fetchFromGitHub {␤    owner = ""containers"";␤    repo = ""podman-desktop"";␤    tag = ""v${finalAttrs.version}"";␤    hash = ""sha256-gq4RMODR7AESMAGpg6ga5LS5SrpWD6pPe6dZ+Rx7a/g="";␤  }",mkDerivation,d7f52a7a640bc54c7bb414cca603835bf8dd4b10,TRUE,TRUE,FALSE,FALSE,FALSE,version_bump,3,3,6,2025-09-30,c8d4dabc4357a22d1c249a9363998bdb00122544,5,2025-03-09,FALSE,4,16,v1.22.0,tag,yes
1999606c8ce9812841cbf6f3cd98c05de73679d9,e9f00bd893984bc8ce46c895c3bf7cac95331127,2025-10-02,pkgs/by-name/ca/cage/package.nix,cage,0.2.0,fetchFromGitHub,"fetchFromGitHub {␤    owner = ""cage-kiosk"";␤    repo = ""cage"";␤    tag = ""v${finalAttrs.version}"";␤    hash = ""sha256-2SFtz62z0EF8cpFTC6wGi125MD4a5mkXqP/C+7fH+3g="";␤  }",mkDerivation,e9f00bd893984bc8ce46c895c3bf7cac95331127,cage,0.2.1,fetchFromGitHub,"fetchFromGitHub {␤    owner = ""cage-kiosk"";␤    repo = ""cage"";␤    tag = ""v${finalAttrs.version}"";␤    hash = ""sha256-P9MhIl2YIE2hwT5Yr0Cpes5S12evb0aj9oOPLeehkw0="";␤  }",mkDerivation,625ad6366178f03acd79f9e3822606dd7985b657,TRUE,TRUE,FALSE,FALSE,FALSE,version_bump,3,3,6,2025-09-02,aa725fdeba9963ed389ff641aaf6209988adda7d,30,2025-04-19,FALSE,2,17,v0.2.1,tag,yes
d026e4d7fb7942798536eae6f31abf10490e3b60,d12318669276c1eaaa5c12940906742334067274,2025-09-26,pkgs/by-name/sn/snakefmt/package.nix,snakefmt,0.11.0,fetchPypi,"fetchPypi {␤    inherit pname version;␤    hash = ""sha256-r8O5LhA8/agP/35381f2zB2rdCJy7nY0K6NC8w5yHzA="";␤  }",buildPythonApplication,e57b3b16ad8758fd681511a078f35c416a8cc939,snakefmt,0.11.2,fetchPypi,"fetchPypi {␤    inherit pname version;␤    hash = ""sha256-6a03WEAeApH3pFNgB1xXODhrWKGxYNOIJ7QGMNn3NeE="";␤  }",buildPythonApplication,e57b3b16ad8758fd681511a078f35c416a8cc939,TRUE,TRUE,FALSE,FALSE,FALSE,version_bump,5,4,9,2025-03-29,6e751da348fd6f9ef76f50d4f26d6aeb73c6cba0,181,2025-01-07,FALSE,4,18,,,yes
c608c3b8b4fd89ee3e6ed1c0ebe09f2f3e38c52e,edf29d70215dbe6aea53048ad61e685caf7b3c82,2025-09-30,pkgs/by-name/li/libomemo-c/package.nix,libomemo-c,0.5.0,fetchFromGitHub,"fetchFromGitHub {␤    owner = ""dino"";␤    repo = ""libomemo-c"";␤    rev = ""v${version}"";␤    hash = ""sha256-GvHMp0FWoApbYLMhKfNxSBel1xxWWF3TZ4lnkLvu2s4="";␤  }",mkDerivation,9547cfd27b5158eb612a6812dfc5c7b3d118b996,libomemo-c,0.5.1,fetchFromGitHub,"fetchFromGitHub {␤    owner = ""dino"";␤    repo = ""libomemo-c"";␤    rev = ""v${version}"";␤    hash = ""sha256-HoZykdGVDsj4L5yN3SHGF5tjMq5exJyC15zTLBlpX/c="";␤  }",mkDerivation,9547cfd27b5158eb612a6812dfc5c7b3d118b996,TRUE,TRUE,FALSE,FALSE,FALSE,version_bump,19,4,23,2025-04-08,a19cd4ffb1f4b953a76f3ac29c6520d0b1877108,175,2023-12-16,FALSE,6,19,v0.5.1,rev,yes
b1b148584aa9277e1835ec8fc849724d07d718d8,b8bd42e01bf522e8db248daf69e5bb7ace6126c1,2025-09-25,pkgs/by-name/co/cook-cli/package.nix,cook-cli,0.14.0,fetchFromGitHub,"fetchFromGitHub {␤    owner = ""cooklang"";␤    repo = ""cookcli"";␤    rev = ""v${version}"";␤    hash = ""sha256-jaAgmqUuqldcBlrwqXsausXPP35RZqM1VasYyA0pPO8="";␤  }",buildRustPackage,e57b3b16ad8758fd681511a078f35c416a8cc939,cook-cli,0.18.1,fetchFromGitHub,"fetchFromGitHub {␤    owner = ""cooklang"";␤    repo = ""cookcli"";␤    rev = ""v${version}"";␤    hash = ""sha256-alrmQOt9PY155fIWXmp1m2dfhhkMOd4PkfkBWS2XXRg="";␤  }",buildRustPackage,e57b3b16ad8758fd681511a078f35c416a8cc939,TRUE,TRUE,FALSE,TRUE,FALSE,mixed,15,18,33,2025-08-09,844718737e14a68621b04fd45c91574abe0e7d72,47,2024-01-13,FALSE,4,20,v0.18.1,rev,yes
19279b2459d031e3553271f6f8f09fbbd826b930,1abc3f734f3d3120651283a23e103f4be53bc039,2025-09-05,pkgs/by-name/s5/s5/package.nix,s5,0.1.15,fetchFromGitHub,"fetchFromGitHub {␤    owner = ""mvisonneau"";␤    repo = ""s5"";␤    rev = ""v${version}"";␤    hash = ""sha256-QQMnzDRWdW0awwNx2vqtzrOW9Ua7EmJ9YFznQoK33J0="";␤  }",buildGoModule,e3a3b32cc234f1683258d36c6232f150d57df015,s5,0.2.0,fetchFromGitHub,"fetchFromGitHub {␤    owner = ""mvisonneau"";␤    repo = ""s5"";␤    rev = ""v${version}"";␤    hash = ""sha256-aNNf7ntGg2A84jD6UeoF4gFv8S/FonbIhV3ZOd/P4bw="";␤  }",buildGoModule,ca77296380960cd497a765102eeb1356eb80fed0,TRUE,TRUE,FALSE,FALSE,FALSE,version_bump,9,2,11,2025-08-11,04b0a4711b54af98cb55f68263cf8e3d904c6b7a,25,2024-11-09,FALSE,1,21,v0.2.0,rev,yes
938619092f449958852a01629069ade61c2555b6,5ee06ac3ee5e43940ae03cdcfe766a0112b04765,2025-09-27,pkgs/by-name/ha/halloy/package.nix,halloy,2025.8,fetchFromGitHub,"fetchFromGitHub {␤    owner = ""squidowl"";␤    repo = ""halloy"";␤    tag = version;␤    hash = ""sha256-Jtr1/MDR6pAaagVdhR2HZM91PTEPaQkDYMmALIWkHFU="";␤  }",buildRustPackage,53614373268559d054c080d070cfc732dbe68ac4,halloy,2025.9,fetchFromGitHub,"fetchFromGitHub {␤    owner = ""squidowl"";␤    repo = ""halloy"";␤    tag = version;␤    hash = ""sha256-yjia9tNNaXCTQFe8xfUeBYVHhW214AaOeCLFjAG703E="";␤  }",buildRustPackage,53614373268559d054c080d070cfc732dbe68ac4,TRUE,TRUE,FALSE,FALSE,FALSE,version_bump,2,1,3,2025-07-31,a8a28eec8532e82ea1a5ac55bd5c268199711aec,58,2024-03-29,FALSE,1,22,2025.9,tag,yes
1914f2f2e9c2cb6b52ae20ce2176b9fd064ac07c,d12318669276c1eaaa5c12940906742334067274,2025-09-26,pkgs/by-name/sn/snagboot/package.nix,snagboot,2.2,fetchFromGitHub,"fetchFromGitHub {␤    owner = ""bootlin"";␤    repo = ""snagboot"";␤    tag = ""v${version}"";␤    hash = ""sha256-JXhh+Ed/ZwytNrMwvGw7jaDBvwDQiUKe+gBDezOCHO4="";␤  }",buildPythonApplication,e57b3b16ad8758fd681511a078f35c416a8cc939,snagboot,2.4,fetchFromGitHub,"fetchFromGitHub {␤    owner = ""bootlin"";␤    repo = ""snagboot"";␤    tag = ""v${version}"";␤    hash = ""sha256-ZjN4k5prOoEdAT4z37XiHdnUgLsz3zeR3+0zxY+2420="";␤  }",buildPythonApplication,e57b3b16ad8758fd681511a078f35c416a8cc939,TRUE,TRUE,FALSE,FALSE,FALSE,version_bump,3,0,3,2025-06-29,7bee2301502cb01fe7dc2cfde5d89955871df439,89,2025-04-21,FALSE,1,23,v2.4,tag,yes
4b9a17a860b70428b815bfaed2ee741268bf94ba,5dca5c28b4cd6ad678b4ed7f81a69d9011393e1a,2025-09-19,pkgs/by-name/co/cosmic-osd/package.nix,cosmic-osd,1.0.0-alpha.7,fetchFromGitHub,"fetchFromGitHub {␤    owner = ""pop-os"";␤    repo = ""cosmic-osd"";␤    tag = ""epoch-${finalAttrs.version}"";␤    hash = ""sha256-POjuxrNBajp4IOw7YwF2TS4OfoM8Hxo1fO48nkhKj8U="";␤  }",buildRustPackage,90ade7da38aa49c2e2693a04a44662a0e61530e9,cosmic-osd,1.0.0-beta.1,fetchFromGitHub,"fetchFromGitHub {␤    owner = ""pop-os"";␤    repo = ""cosmic-osd"";␤    tag = ""epoch-${finalAttrs.version}"";␤    hash = ""sha256-+NwsMCOZeZlPcVVQv3WzRj8vAM8P8qPGsOMaTACVEFQ="";␤  }",buildRustPackage,90ade7da38aa49c2e2693a04a44662a0e61530e9,TRUE,TRUE,FALSE,FALSE,FALSE,version_bump,9,8,17,2025-07-15,398b16e16cc688d8ffcf820d1ec50a55da44a108,66,2023-11-23,FALSE,4,24,epoch-1.0.0-beta.1,tag,yes
2d1c9b5784ea34c357f6fed51cb2f8695f1a578d,7752088daf9c84030f43473e8bc119009fc33c3f,2025-09-19,pkgs/by-name/co/cosmic-settings-daemon/package.nix,cosmic-settings-daemon,1.0.0-alpha.7,fetchFromGitHub,"fetchFromGitHub {␤    owner = ""pop-os"";␤    repo = ""cosmic-settings-daemon"";␤    tag = ""epoch-${finalAttrs.version}"";␤    hash = ""sha256-vdhkE5CmgiGYg5TXxN7lLqxjv7apKEKvIscXFIzZfRc="";␤  }",buildRustPackage,90ade7da38aa49c2e2693a04a44662a0e61530e9,cosmic-settings-daemon,1.0.0-beta.1,fetchFromGitHub,"fetchFromGitHub {␤    owner = ""pop-os"";␤    repo = ""cosmic-settings-daemon"";␤    tag = ""epoch-${finalAttrs.version}"";␤    hash = ""sha256-ulaz4y/iSUI/MRpUJAG/OYaq1m660qRm7Hb+u1fJlUo="";␤  }",buildRustPackage,90ade7da38aa49c2e2693a04a44662a0e61530e9,TRUE,TRUE,FALSE,FALSE,FALSE,version_bump,4,4,8,2025-07-15,398b16e16cc688d8ffcf820d1ec50a55da44a108,66,2024-01-02,FALSE,2,25,epoch-1.0.0-beta.1,tag,yes
42675df683ed613e5d54874c9a73fa55d64ea9c1,0a0ca83a9589213c9ffb28e242bb1456773629fd,2025-09-23,pkgs/by-name/co/copacetic/package.nix,copacetic,0.10.0,fetchFromGitHub,"fetchFromGitHub {␤    owner = ""project-copacetic"";␤    repo = ""copacetic"";␤    tag = ""v${version}"";␤    hash = ""sha256-aLFRhmxJ5Hj2vvdYCwALBeK0avPF/jDWUgQiSw0fFGg="";␤  }",buildGoModule,a1f79a1770d05af18111fbbe2a3ab2c42c0f6cd0,copacetic,0.11.1,fetchFromGitHub,"fetchFromGitHub {␤    owner = ""project-copacetic"";␤    repo = ""copacetic"";␤    tag = ""v${version}"";␤    hash = ""sha256-kgFT+IK6zCGoGK8L/lwXyiUXCWYG7ElziPs0Q1cq+fw="";␤  }",buildGoModule,a1f79a1770d05af18111fbbe2a3ab2c42c0f6cd0,TRUE,TRUE,FALSE,FALSE,FALSE,version_bump,20,5,25,2025-07-22,5a0711127cd8b916c3d3128f473388c8c79df0da,63,2024-11-15,FALSE,2,26,v0.11.1,tag,yes
caa9da84e280f35314ee50e42549fb696c5e5405,30379471c651ab55cad770dd706d4aaede20914d,2025-09-24,pkgs/by-name/xc/xc3sprog/package.nix,xc3sprog,787,fetchsvn,"fetchsvn {␤    url = ""https://svn.code.sf.net/p/xc3sprog/code/trunk"";␤    sha256 = ""1rfhms3i7375kdlg0sdg5k52ix3xv5llj2dr30vamyg7pk74y8rx"";␤    rev = version;␤  }",mkDerivation,e2642aa7d5a15eae586932a56f4294934f959c14,xc3sprog,795,fetchsvn,"fetchsvn {␤    url = ""https://svn.code.sf.net/p/xc3sprog/code/trunk"";␤    sha256 = ""sha256-E0MGwC3gIfl60gjGaSeSPTR5jJm9r8m7Et3402lek/w="";␤    rev = version;␤  }",mkDerivation,e2642aa7d5a15eae586932a56f4294934f959c14,TRUE,TRUE,FALSE,FALSE,FALSE,version_bump,7,3,10,2024-12-10,4f0dadbf38ee4cf4cc38cbc232b7708fddf965bc,288,2024-11-09,FALSE,3,27,795,rev,yes
cc8ade27ab28da5c23c1ce5ea25f4b200b9f37cf,55b9d19380d37549399a1a29f96050e6478c783e,2025-09-23,pkgs/by-name/sp/spicetify-cli/package.nix,spicetify-cli,2.41.0,fetchFromGitHub,"fetchFromGitHub {␤    owner = ""spicetify"";␤    repo = ""cli"";␤    tag = ""v${finalAttrs.version}"";␤    hash = ""sha256-07++H76LBlfCcdm5uEpQrS5UMCZadLp1I6J4ZMaIPUo="";␤  }",buildGoModule,a1f79a1770d05af18111fbbe2a3ab2c42c0f6cd0,spicetify-cli,2.42.0,fetchFromGitHub,"fetchFromGitHub {␤    owner = ""spicetify"";␤    repo = ""cli"";␤    tag = ""v${finalAttrs.version}"";␤    hash = ""sha256-beMxE5ZpFqilgk4Xa0mvJyexDAFdwKUa1rJipFXBM7I="";␤  }",buildGoModule,a1f79a1770d05af18111fbbe2a3ab2c42c0f6cd0,TRUE,TRUE,FALSE,FALSE,FALSE,version_bump,6,8,14,2025-08-14,b7b2ba4e9b0148e1eb7f9401288ee27c11d09784,40,2023-12-10,FALSE,1,28,v2.42.0,tag,yes
54a30209b25d16d1e84e0b7044d2f0c0252be8cb,9aa9730c5ef2d972611dc1bbbe401e057a5a39e8,2025-09-17,pkgs/by-name/pi/pinecone/package.nix,pinecone,0.11.0-unstable-2023-08-10,fetchFromGitHub,"fetchFromGitHub {␤    owner = ""matrix-org"";␤    repo = ""pinecone"";␤    rev = ""ea4c33717fd74ef7d6f49490625a0fa10e3f5bbc"";␤    hash = ""sha256-q4EFWXSkQJ2n+xAWuBxdP7nrtv3eFql9LoavWo10dfs="";␤  }",buildGoModule,08b8f92ac6354983f5382124fef6006cade4a1c1,pinecone,0.11.0-unstable-2025-03-04,fetchFromGitHub,"fetchFromGitHub {␤    owner = ""matrix-org"";␤    repo = ""pinecone"";␤    rev = ""b35aec69f59eb9bb8bd5a8c6be30fc276d3cce96"";␤    hash = ""sha256-0jqvWdFjN4Kzhkv4Oe1obsKGW0i/MGEMX3ZhcxpsdxA="";␤  }",,08b8f92ac6354983f5382124fef6006cade4a1c1,TRUE,TRUE,TRUE,FALSE,FALSE,version_bump,2,2,4,2024-12-10,4f0dadbf38ee4cf4cc38cbc232b7708fddf965bc,281,2024-02-09,FALSE,2,29,b35aec69f59eb9bb8bd5a8c6be30fc276d3cce96,rev,yes
1a5ffd7a5521c3a6e4269caf285748523976a7ff,68774bdff8f7eca37fb29a9ad25818fdfc8fb414,2025-09-18,pkgs/by-name/ur/uradvd/package.nix,uradvd,0-unstable-2025-08-16,fetchFromGitHub,"fetchFromGitHub {␤    owner = ""freifunk-gluon"";␤    repo = ""uradvd"";␤    rev = ""b37524dfb0292c425fd61f5bffb3101fb1979264"";␤    hash = ""sha256-PyOAt9dTFdHHF7OlHi9BBTjCN2Hmk8BsHkD2rV94ZDM="";␤  }",mkDerivation,12bd230118a1901a4a5d393f9f56b6ad7e571d01,uradvd,r26-1e64364d,fetchFromGitHub,"fetchFromGitHub {␤    owner = ""freifunk-gluon"";␤    repo = ""uradvd"";␤    rev = ""1e64364d323acb8c71285a6fb85d384334e7007d"";␤    deepClone = true;␤    hash = ""sha256-+MDhBuCPJ/dcKw4/z4PnXXGoNomIz/0QI32XfLR6fK0="";␤  }",mkDerivation,08b8f92ac6354983f5382124fef6006cade4a1c1,TRUE,TRUE,TRUE,FALSE,FALSE,version_bump,13,0,13,2025-09-09,0ebca7541f5900abcb2b17d6a0e1b9cb0f8df512,9,2025-09-09,FALSE,2,30,1e64364d323acb8c71285a6fb85d384334e7007d,rev,yes
1d57d34285150d3086f320476fe6a4a64475b5c2,94500215ccd9b65faa6fd37fdeaa90d8df8b7e3b,2025-09-17,pkgs/by-name/li/lightway/package.nix,lightway,0-unstable-2025-09-04,fetchFromGitHub,"fetchFromGitHub {␤    owner = ""expressvpn"";␤    repo = ""lightway"";␤    rev = ""4eb836158607c83d47226703de5a043519586782"";␤    hash = ""sha256-sNhTdJTxNxHMVswyzizgBfGbmJhYmMZY/5nVD7ScLjM="";␤  }",buildRustPackage,08b8f92ac6354983f5382124fef6006cade4a1c1,lightway,0-unstable-2025-09-19,fetchFromGitHub,"fetchFromGitHub {␤    owner = ""expressvpn"";␤    repo = ""lightway"";␤    rev = ""dac72eb8af0994de020d71d24114717ecfb9804d"";␤    hash = ""sha256-oHxHJ4D/Xg/zAFiI0bMX3Dc05HXIjk+ZHuGY03cwY+c="";␤  }",buildRustPackage,08b8f92ac6354983f5382124fef6006cade4a1c1,TRUE,TRUE,TRUE,FALSE,FALSE,version_bump,4,3,7,2025-09-06,34e35a0ca6c348bd05bbe5bab3ded066ff576b68,11,2025-09-06,FALSE,2,31,dac72eb8af0994de020d71d24114717ecfb9804d,rev,yes
e575a9dcf1eaf150245a545050e5071dba732dfd,41239f03433fe534c51a1526bed9214ab2a3582f,2025-09-20,pkgs/by-name/mi/miriway/package.nix,miriway,25.02.1,fetchFromGitHub,"fetchFromGitHub {␤    owner = ""Miriway"";␤    repo = ""Miriway"";␤    tag = ""v${finalAttrs.version}"";␤    hash = ""sha256-+HHHF9dhVYMxugJZckAnQduuSBLAw5StbwRJF5Fz+rU="";␤  }",mkDerivation,90ade7da38aa49c2e2693a04a44662a0e61530e9,miriway,25.1,fetchFromGitHub,"fetchFromGitHub {␤    owner = ""Miriway"";␤    repo = ""Miriway"";␤    tag = ""v${finalAttrs.version}"";␤    hash = ""sha256-VAYnIMspGKSeqg+9YG6WrmoeaNNg0uLE3Ht4jJZSLLk="";␤  }",mkDerivation,90ade7da38aa49c2e2693a04a44662a0e61530e9,TRUE,TRUE,FALSE,FALSE,FALSE,version_bump,4,0,4,2025-03-14,b00bbc10acd3f9256cdd0db5d21f8b059e9c960e,190,2024-10-02,FALSE,2,32,v25.1,tag,yes
a3b1f1c196168ac8ad334ba8d46bd282f50f8fea,2a6021fc931e173da157d6e4b804329665e463b2,2025-09-20,pkgs/by-name/wo/wofi-power-menu/package.nix,wofi-power-menu,0.3.1,fetchFromGitHub,"fetchFromGitHub {␤    owner = ""szaffarano"";␤    repo = ""wofi-power-menu"";␤    tag = ""v${finalAttrs.version}"";␤    hash = ""sha256-3m4zTmjYn1WGdW5dY4tzYxOxdw0spwYxZFRhdBwWf2I="";␤  }",buildRustPackage,90ade7da38aa49c2e2693a04a44662a0e61530e9,wofi-power-menu,0.3.2,fetchFromGitHub,"fetchFromGitHub {␤    owner = ""szaffarano"";␤    repo = ""wofi-power-menu"";␤    tag = ""v${finalAttrs.version}"";␤    hash = ""sha256-EQHmi530ePlYRdjj/b+iF5edQFolZF0oVjSpyOE1Uk8="";␤  }",buildRustPackage,90ade7da38aa49c2e2693a04a44662a0e61530e9,TRUE,TRUE,FALSE,FALSE,FALSE,version_bump,2,10,12,2025-08-16,694bb7a3a2a9e6e5bc69fbbcf88767fc9ce2e7bc,35,2025-01-07,FALSE,1,33,v0.3.2,tag,yes
18d33c67a32eb7df53afac061786945b8365e612,65c78cd07e79ed7004144ec2fbb17ea2eb90c65c,2025-09-19,pkgs/by-name/be/beanprice/package.nix,beanprice,2.0.0,fetchFromGitHub,"fetchFromGitHub {␤    owner = ""beancount"";␤    repo = ""beanprice"";␤    tag = ""v${version}"";␤    hash = ""sha256-+bqYnTzZByJlCPUhThM2B9UjgdWzjF21Yiw3fQAZ6k4="";␤  }",buildPythonApplication,12bd230118a1901a4a5d393f9f56b6ad7e571d01,beanprice,2.1.0,fetchFromGitHub,"fetchFromGitHub {␤    owner = ""beancount"";␤    repo = ""beanprice"";␤    tag = ""v${version}"";␤    hash = ""sha256-Lhr8CRysZbI6dpPwRSN6DgvnKrxsIzH5YyZXRLU1l3Q="";␤  }",buildPythonApplication,12bd230118a1901a4a5d393f9f56b6ad7e571d01,TRUE,TRUE,FALSE,FALSE,FALSE,version_bump,7,0,7,2025-02-21,b6b0b0911edc3200af013cca4974dc7ec30b0994,210,2024-07-09,FALSE,2,34,v2.1.0,tag,yes
e27dc8113cfef883ae9242793ad2c9a94a1888f5,db5d517d4fe3d5e46c2257260bf539741495fbed,2025-09-18,pkgs/by-name/ma/mattermost-desktop/package.nix,mattermost-desktop,5.12.1,fetchFromGitHub,"fetchFromGitHub {␤    owner = ""mattermost"";␤    repo = ""desktop"";␤    tag = ""v${version}"";␤    hash = ""sha256-Sn6gKkeN+wRgTnFtQ9ewAFvRsRdXVo11ibaxFvSG7dg="";␤  }",buildNpmPackage,08b8f92ac6354983f5382124fef6006cade4a1c1,mattermost-desktop,5.13.1,fetchFromGitHub,"fetchFromGitHub {␤    owner = ""mattermost"";␤    repo = ""desktop"";␤    tag = ""v${version}"";␤    hash = ""sha256-0SEA5zka7Uv82bFS0vqnzipu0Yhb5EJ/20sBkf150cc="";␤  }",buildNpmPackage,124b966f89fad5468ca67ac7ee15af4ecce49b47,TRUE,TRUE,FALSE,FALSE,FALSE,version_bump,3,3,6,2025-07-02,86dfe6fb8ed8246ed2aa2f49b2fc775eea939c06,78,2024-11-09,FALSE,4,35,v5.13.1,tag,yes
3fc9162b8c9d82837714266deb9cfe43d49cc97c,434ed09bd161bb1058612038479dc34863c3f106,2025-09-15,pkgs/by-name/cl/clever-tools/package.nix,clever-tools,3.14.1,fetchFromGitHub,"fetchFromGitHub {␤    owner = ""CleverCloud"";␤    repo = ""clever-tools"";␤    rev = version;␤    hash = ""sha256-3nCfo54p7O4Oik3fTf842IahEQnu26oPS5aOgHdhJKg="";␤  }",buildNpmPackage,88cef159e47c0dc56f151593e044453a39a6e547,clever-tools,4.1.0,fetchFromGitHub,"fetchFromGitHub {␤    owner = ""CleverCloud"";␤    repo = ""clever-tools"";␤    rev = version;␤    hash = ""sha256-ntKxMlRBE0WoaO2Fmpymhm7y7kCwe197sotNzpK92C4="";␤  }",buildNpmPackage,88cef159e47c0dc56f151593e044453a39a6e547,TRUE,TRUE,FALSE,FALSE,FALSE,version_bump,10,4,14,2025-09-07,ef7cc9810438d39036bde67fa43682ed6bc5fe16,8,2024-05-27,FALSE,2,36,4.1.0,rev,yes
967f74d00b26bcc4ccf7c047dee68b57b0315c1c,493eebd470cb30b71553f963751f07232c0539ac,2025-09-12,pkgs/by-name/cr/cryfs/package.nix,cryfs,0.11.4,fetchFromGitHub,"fetchFromGitHub {␤    owner = ""cryfs"";␤    repo = ""cryfs"";␤    rev = version;␤    hash = ""sha256-OkJhLg+YzS3kDhlpUQe9A+OiVBPG/iKs6OU7aKFJ5wY="";␤  }",mkDerivation,08b8f92ac6354983f5382124fef6006cade4a1c1,cryfs,1.0.1,fetchFromGitHub,"fetchFromGitHub {␤    owner = ""cryfs"";␤    repo = ""cryfs"";␤    rev = version;␤    hash = ""sha256-QzxJUh6nD6243x443b0tIb1v2Zs8jRUk8IVarNqs47M="";␤  }",mkDerivation,ad4e6dd68c30bc8bd1860a27bc6f0c485bd7f3b6,TRUE,TRUE,FALSE,FALSE,FALSE,version_bump,3,2,5,2025-07-22,5a0711127cd8b916c3d3128f473388c8c79df0da,52,2024-11-09,FALSE,1,37,1.0.1,rev,yes
709e9c4de274d9e5a359a5c093915f9ce8402974,fd76dc9e7c68ac7c3941ba2af2bedcd79c5cf4ed,2025-09-15,pkgs/by-name/sq/sqlite3-to-mysql/package.nix,sqlite3-to-mysql,2.4.2,fetchFromGitHub,"fetchFromGitHub {␤    owner = ""techouse"";␤    repo = ""sqlite3-to-mysql"";␤    tag = ""v${version}"";␤    hash = ""sha256-wyUJW7G92O3jnwSL5zFy/k/jI6c1H23xYcq7S8wAmsc="";␤  }",buildPythonApplication,0b96957fb614f693d0cee1bd65fbfc0e610df47f,sqlite3-to-mysql,2.4.5,fetchFromGitHub,"fetchFromGitHub {␤    owner = ""techouse"";␤    repo = ""sqlite3-to-mysql"";␤    tag = ""v${version}"";␤    hash = ""sha256-oJQR54g6TAf1jZOa2RXJxmBVbC65nmb2KRQpgppK6us="";␤  }",buildPythonApplication,0b96957fb614f693d0cee1bd65fbfc0e610df47f,TRUE,TRUE,FALSE,FALSE,FALSE,version_bump,19,17,36,2025-08-05,7762972637c79e985df199ca8f57639a831f93f9,41,2024-11-09,FALSE,1,38,v2.4.5,tag,yes
155220903f5b20d857cd6222c37f63280517537c,b36cf083b3886268451d209393d5bff5e24ed5f7,2025-09-15,pkgs/by-name/ga/gam/package.nix,gam,6.58,fetchFromGitHub,"fetchFromGitHub {␤    owner = ""GAM-team"";␤    repo = ""GAM"";␤    tag = ""v${version}"";␤    sha256 = ""sha256-AIaPzYavbBlJyi9arZN8HTmUXM7Tef0SIfE07PmV9Oo="";␤  }",buildPythonApplication,0b96957fb614f693d0cee1bd65fbfc0e610df47f,gam,7.21.01,fetchFromGitHub,"fetchFromGitHub {␤    owner = ""GAM-team"";␤    repo = ""GAM"";␤    tag = ""v${version}"";␤    hash = ""sha256-Xj9GTNVuRddu3YQtXD/+yM/MNMxXUkfprtIFAm9SnA4="";␤  }",buildPythonApplication,0b96957fb614f693d0cee1bd65fbfc0e610df47f,TRUE,TRUE,FALSE,FALSE,FALSE,version_bump,14,18,32,2025-06-03,e61bb30305eaa4ba193dbd09a6895c6a92958cd5,104,2024-11-09,FALSE,10,39,v7.21.01,tag,yes
c4b84412a2f0cbba05f078ca8252c22c74aa5d52,0c31baec065d10561b93b52597071e29a8f8473e,2025-09-14,pkgs/by-name/po/powersupply/package.nix,powersupply,0.9.0,fetchFromGitLab,"fetchFromGitLab {␤    owner = ""martijnbraam"";␤    repo = ""powersupply"";␤    rev = version;␤    hash = ""sha256-3NXoOqveMlMezYe4C78F3764KeAy5Sz3M714PO3h/eI="";␤  }",buildPythonApplication,af745796c2755d6f3a6d835967862184d53a17ff,powersupply,0.10.1,fetchFromGitLab,"fetchFromGitLab {␤    domain = ""gitlab.postmarketos.org"";␤    owner = ""postmarketOS"";␤    repo = ""powersupply"";␤    rev = version;␤    hash = ""sha256-sPdtrm2WQYjPu+1bb0ltBiqS9t8FFvbgRdGe1PEthy0="";␤  }",buildPythonApplication,6d7ec06d6868ac6d94c371458fc2391ded9ff13d,TRUE,TRUE,TRUE,FALSE,FALSE,version_bump,14,15,29,2024-12-10,4f0dadbf38ee4cf4cc38cbc232b7708fddf965bc,278,2024-01-12,FALSE,4,40,0.10.1,rev,yes
a8cf32dc2292aa4dee8348f0cd925da2df1c719a,63c246dbe9669cfd88c8b0e1ea293fa19dd961c4,2025-09-13,pkgs/by-name/py/pychess/package.nix,pychess,1.0.5,fetchFromGitHub,"fetchFromGitHub {␤    owner = ""pychess"";␤    repo = ""pychess"";␤    rev = ""${version}"";␤    hash = ""sha256-hxc+vYvCeiM0+oOu1peI9qkZg5PeIsDMCiydJQAuzOk="";␤  }",buildPythonApplication,6d7ec06d6868ac6d94c371458fc2391ded9ff13d,pychess,1.0.6,fetchFromGitHub,"fetchFromGitHub {␤    owner = ""pychess"";␤    repo = ""pychess"";␤    rev = version;␤    hash = ""sha256-1FJgwdZTyyZBswXFnUowSXlEXzL86C4uK2qDdseqzLs="";␤  }",buildPythonApplication,6d7ec06d6868ac6d94c371458fc2391ded9ff13d,TRUE,TRUE,FALSE,FALSE,FALSE,version_bump,2,3,5,2025-09-12,d1107527d8fe88c1f937eec76295fc48e14fc8cf,1,2024-09-25,FALSE,3,41,1.0.6,rev,yes
ffd53dd5272390748d94c0a58db8ae9afb27db58,0a61d52b4ac61aafca327a5f11f2668c93737978,2025-09-12,pkgs/by-name/cl/cloudflare-cli/package.nix,cloudflare-cli,4.2.0,fetchFromGitHub,"fetchFromGitHub {␤    owner = ""danielpigott"";␤    repo = ""cloudflare-cli"";␤    tag = ""v${finalAttrs.version}"";␤    hash = ""sha256-cT+cMekXhHKfFi+dH1dCA/YNBSyYePJIZBSkDMPZZ14="";␤  }",mkDerivation,d33e926c80e6521a55da380a4c4c44a7462af405,cloudflare-cli,5.0.5,fetchFromGitHub,"fetchFromGitHub {␤    owner = ""danielpigott"";␤    repo = ""cloudflare-cli"";␤    tag = ""v${finalAttrs.version}"";␤    hash = ""sha256-+QlSKXkGXc72FCQAlfZnBK5tQ1jbpICxR1Xe73RSgbk="";␤  }",mkDerivation,098982b6eca9b809cc2f583e733338f5a36b3ad8,TRUE,TRUE,FALSE,FALSE,FALSE,version_bump,8,1,9,2025-03-12,e7706ec0dfe4248d85dc3e877b8783e696158b40,184,2025-03-12,FALSE,1,42,v5.0.5,tag,yes
c158b6865ff556bb89aa2bf0ba268f9042a15fd6,40ae799f1a076e5df247ed3666b33a054f20956b,2025-09-09,pkgs/by-name/cr/crow-translate/package.nix,crow-translate,3.1.0,fetchFromGitLab,"fetchFromGitLab {␤    domain = ""invent.kde.org"";␤    owner = ""office"";␤    repo = ""crow-translate"";␤    rev = ""v${finalAttrs.version}"";␤    hash = ""sha256-zL+Ucw6rzIoEaBHi/uqKQB0cnR6aAcF8MPOG3hwK3iA="";␤    fetchSubmodules = true;␤  }",mkDerivation,ca77296380960cd497a765102eeb1356eb80fed0,crow-translate,4.0.2,fetchFromGitLab,"fetchFromGitLab {␤    domain = ""invent.kde.org"";␤    owner = ""office"";␤    repo = ""crow-translate"";␤    tag = ""v${finalAttrs.version}"";␤    hash = ""sha256-hrxYC6zdh4aG9AkHZcnOE5jihJSo3xrq0hzBRE8NtRw="";␤    fetchSubmodules = true;␤  }",mkDerivation,ca77296380960cd497a765102eeb1356eb80fed0,TRUE,TRUE,FALSE,FALSE,FALSE,version_bump,25,23,48,2025-07-22,5a0711127cd8b916c3d3128f473388c8c79df0da,49,2024-10-26,FALSE,19,43,v4.0.2,tag,yes
7b3b69d261cc6547a8961b64ba4fdd4f2f7d1cac,2ca437b4796d049192eb30576a50fef139038c09,2025-09-13,pkgs/by-name/ta/tabiew/package.nix,tabiew,0.11.0,fetchFromGitHub,"fetchFromGitHub {␤    owner = ""shshemi"";␤    repo = ""tabiew"";␤    tag = ""v${version}"";␤    hash = ""sha256-ilZOXV9P3i2Gzcop9PRCHznorEdGMje097d9my0JVeU="";␤  }",buildRustPackage,ab6de70223e1d4c475e0dbac6aaa37fbfdf4d08c,tabiew,0.11.1,fetchFromGitHub,"fetchFromGitHub {␤    owner = ""shshemi"";␤    repo = ""tabiew"";␤    tag = ""v${version}"";␤    hash = ""sha256-RvbHXnDaoqMHjA9u9kFs5MB6xeQG/E35PEu+1LIXIBU="";␤  }",buildRustPackage,ab6de70223e1d4c475e0dbac6aaa37fbfdf4d08c,TRUE,TRUE,FALSE,FALSE,FALSE,version_bump,6,2,8,2025-07-15,398b16e16cc688d8ffcf820d1ec50a55da44a108,60,2024-05-29,FALSE,1,44,v0.11.1,tag,yes
078e0d1eaf0522291778f1acc375cab2e6d53f67,1fb3afef2a83ff33e318d7b38e650e5cc46419f0,2025-09-11,pkgs/by-name/gf/gftp/package.nix,gftp,2.9.1b,fetchFromGitHub,"fetchFromGitHub {␤    owner = ""masneyb"";␤    repo = ""gftp"";␤    tag = finalAttrs.version;␤    hash = ""sha256-0zdv2oYl24BXh61IGCWby/2CCkzNjLpDrAFc0J89Pw4="";␤  }",mkDerivation,d33e926c80e6521a55da380a4c4c44a7462af405,gftp,2.9.1b-unstable-2025-05-12,fetchFromGitHub,"fetchFromGitHub {␤    owner = ""masneyb"";␤    repo = ""gftp"";␤    rev = ""48114635f7b7b1f9a5eda985021ea53b10a7a030"";␤    hash = ""sha256-unTsd2xX8Y71ItE3gYHoxUPgViK/xhZdx0IQYvDPaEc="";␤  }",mkDerivation,d33e926c80e6521a55da380a4c4c44a7462af405,TRUE,TRUE,TRUE,FALSE,FALSE,version_bump,4,22,26,2025-04-07,0b2d1c35b18725ae279ad537ee814f485737680e,157,2025-05-05,FALSE,7,45,48114635f7b7b1f9a5eda985021ea53b10a7a030,rev,yes
b3cc172e19b42fa6861aa06d6e8c99ff78ebce45,979a855bdf64f781ac6bdf7e6b42f4e3994d494b,2025-09-09,pkgs/by-name/sp/spotdl/package.nix,spotdl,4.2.11,fetchFromGitHub,"fetchFromGitHub {␤    owner = ""spotDL"";␤    repo = ""spotify-downloader"";␤    tag = ""v${version}"";␤    hash = ""sha256-9PlqnpUlV5b8g+lctGjVL1Xgf25SS5xqkDaa1bSlxpk="";␤  }",buildPythonApplication,ca77296380960cd497a765102eeb1356eb80fed0,spotdl,4.4.2,fetchFromGitHub,"fetchFromGitHub {␤    owner = ""spotDL"";␤    repo = ""spotify-downloader"";␤    tag = ""v${version}"";␤    hash = ""sha256-guQ8fIA20wtCkB5CkU7zg/INE+g8/fvQfIs5TNteQGo="";␤  }",buildPythonApplication,ca77296380960cd497a765102eeb1356eb80fed0,TRUE,TRUE,FALSE,FALSE,FALSE,version_bump,7,9,16,2025-06-06,264e9cb92811dd0ac300090264089e7eeacf4707,95,2024-11-09,FALSE,3,46,v4.4.2,tag,yes
a9df711087546c44e28a4a236071744939aabee7,94b167fcfb035c20f8c651901a5f61c0fef93716,2025-09-08,pkgs/by-name/an/anubis/package.nix,anubis,1.21.3,fetchFromGitHub,"fetchFromGitHub {␤    owner = ""TecharoHQ"";␤    repo = ""anubis"";␤    tag = ""v${finalAttrs.version}"";␤    hash = ""sha256-CMFd9che+D1ot1Iqk0VcJmna0xIqHlRIvNnzYo+q+RU="";␤  }",buildGoModule,ca77296380960cd497a765102eeb1356eb80fed0,anubis,1.22.0,fetchFromGitHub,"fetchFromGitHub {␤    owner = ""TecharoHQ"";␤    repo = ""anubis"";␤    tag = ""v${finalAttrs.version}"";␤    hash = ""sha256-LOYBl9r00AJljGvlacd506cLeMr8Ndh817/ZIw46Uu0="";␤  }",buildGoModule,ca77296380960cd497a765102eeb1356eb80fed0,TRUE,TRUE,FALSE,TRUE,FALSE,mixed,30,26,56,2025-07-26,d09337b0038a6d75f70a2bedc387106e183f38ef,44,2025-03-21,FALSE,4,47,v1.22.0,tag,yes
b03e0dd68164e86da75f095afb7cc91efebb4517,60bfd9f7d412d164545fcd350ab0842417e4aa33,2025-09-09,pkgs/by-name/f2/f2/package.nix,f2,2.1.2,fetchFromGitHub,"fetchFromGitHub {␤    owner = ""ayoisaiah"";␤    repo = ""f2"";␤    tag = ""v${finalAttrs.version}"";␤    hash = ""sha256-Roectcq8jMtw9bFnojJBq4+8dG7V4AGxclfqVSTdl4A="";␤  }",buildGoModule,ca77296380960cd497a765102eeb1356eb80fed0,f2,2.2.0,fetchFromGitHub,"fetchFromGitHub {␤    owner = ""ayoisaiah"";␤    repo = ""f2"";␤    tag = ""v${finalAttrs.version}"";␤    hash = ""sha256-eIsy7YYWAiP4Oqla/wsJW2hQ1LgG+QkFxtUPagbmAuM="";␤  }",,ca77296380960cd497a765102eeb1356eb80fed0,TRUE,TRUE,FALSE,FALSE,FALSE,version_bump,3,3,6,2025-05-27,6b014c17a8fd01c306e7ecc08b5f5f47ea24b8eb,105,2024-11-09,FALSE,2,48,v2.2.0,tag,yes
f01814fafaa4ab49dbf14c60a5b7b27036be173f,1fdec5ccddf4f5f5c26ab50f1dad3577bebd37df,2025-09-08,pkgs/by-name/wl/wleave/package.nix,wleave,0.5.1,fetchFromGitHub,"fetchFromGitHub {␤    owner = ""AMNatty"";␤    repo = ""wleave"";␤    rev = version;␤    hash = ""sha256-xl0JOepQDvYdeTv0LFYzp8QdufKXkayJcHklLBjupeA="";␤  }",buildRustPackage,ca77296380960cd497a765102eeb1356eb80fed0,wleave,0.6.2,fetchFromGitHub,"fetchFromGitHub {␤    owner = ""AMNatty"";␤    repo = ""wleave"";␤    rev = version;␤    hash = ""sha256-+0EKnaxRaHRxRvhASuvfpUijEZJFimR4zSzOyC3FOkQ="";␤  }",buildRustPackage,ca77296380960cd497a765102eeb1356eb80fed0,TRUE,TRUE,FALSE,FALSE,FALSE,version_bump,14,7,21,2025-09-09,1fdec5ccddf4f5f5c26ab50f1dad3577bebd37df,1,2024-11-09,FALSE,3,49,0.6.2,rev,yes
d817ea82ac4b8ecb222b4ba7fceb2bdd0bfaf234,8eb28adfa3dc4de28e792e3bf49fcf9007ca8ac9,2025-09-07,pkgs/by-name/ag/agenda/package.nix,agenda,1.1.2,fetchFromGitHub,"fetchFromGitHub {␤    owner = ""dahenson"";␤    repo = ""agenda"";␤    rev = version;␤    sha256 = ""sha256-tzGcqCxIkoBNskpadEqv289Sj5bij9u+LdYySiGdop8="";␤  }",mkDerivation,ca77296380960cd497a765102eeb1356eb80fed0,agenda,1.2.1,fetchFromGitHub,"fetchFromGitHub {␤    owner = ""dahenson"";␤    repo = ""agenda"";␤    tag = version;␤    hash = ""sha256-CjlGkG43FFDdKGuwevBeCCazOzLcH114bqihMWTykC8="";␤  }",mkDerivation,ca77296380960cd497a765102eeb1356eb80fed0,TRUE,TRUE,FALSE,FALSE,FALSE,version_bump,2,9,11,2025-04-20,05580f4b4433fda48fff30f60dfd303d6ee05d21,140,2024-11-09,FALSE,2,50,1.2.1,tag,yes
6febf91f11fd424d60a52f0eac5bd324f1298279,44db9c3ace8c0044a53bde609bf7dc9cf3e71b38,2025-09-05,pkgs/by-name/wa/wakapi/package.nix,wakapi,2.14.1,fetchFromGitHub,"fetchFromGitHub {␤    owner = ""muety"";␤    repo = ""wakapi"";␤    tag = version;␤    hash = ""sha256-ujHrb9yXUbUYB0JGftrdTfEeFakgwGJ7EH6e1KnyrnI="";␤  }",buildGoModule,ca77296380960cd497a765102eeb1356eb80fed0,wakapi,2.15.0,fetchFromGitHub,"fetchFromGitHub {␤    owner = ""muety"";␤    repo = ""wakapi"";␤    tag = version;␤    hash = ""sha256-tRLZV8vZEvPq5hsUhj5h3AtSGvYXm1SXc+w3CRZFIRU="";␤  }",,ca77296380960cd497a765102eeb1356eb80fed0,TRUE,TRUE,FALSE,FALSE,FALSE,version_bump,3,3,6,2025-07-19,79a2c810199fbda80386f4ed91548768dcb984f8,48,2024-09-09,FALSE,2,51,2.15.0,tag,yes
3d7c3425c9150b86edb3d547836690fd574c3933,c0f4ab3eda7a0ba8b0aead3885af6dba98cb345a,2025-09-05,pkgs/by-name/am/amass/package.nix,amass,4.2.0,fetchFromGitHub,"fetchFromGitHub {␤    owner = ""OWASP"";␤    repo = ""Amass"";␤    tag = ""v${version}"";␤    hash = ""sha256-lhvU2fUnjQ+D+EZDRircNg/np4Ynk+HzOBgxT1L8BaQ="";␤  }",buildGoModule,0987f8f26d7b889e23a7c533ae6d998b27924899,amass,5.0.1,fetchFromGitHub,"fetchFromGitHub {␤    owner = ""OWASP"";␤    repo = ""Amass"";␤    tag = ""v${version}"";␤    hash = ""sha256-uAuBWzEwppnmYacfPI7MZUW+7PdSs3EqYm1WQI4fthQ="";␤  }",buildGoModule,ca77296380960cd497a765102eeb1356eb80fed0,TRUE,TRUE,FALSE,FALSE,FALSE,version_bump,6,13,19,2025-06-02,51104bca6e7b853662b31699baf526a57da5f2a7,95,2024-11-09,FALSE,2,52,v5.0.1,tag,yes
ece741069f0729c33dad6e9a78d56fec3efaf04a,50afe2d977582dec2a4e0cfda3654ba977ca048f,2025-09-03,pkgs/by-name/mq/mqtt-exporter/package.nix,mqtt-exporter,1.7.0,fetchFromGitHub,"fetchFromGitHub {␤    owner = ""kpetremann"";␤    repo = ""mqtt-exporter"";␤    tag = ""v${version}"";␤    hash = ""sha256-aEuwJeNMB6sou6oyAwCj11lOdMCjCyEsrDcMF/pHzcg="";␤  }",buildPythonApplication,c6a788f552b7b7af703b1a29802a7233c0067908,mqtt-exporter,1.8.1-1,fetchFromGitHub,"fetchFromGitHub {␤    owner = ""kpetremann"";␤    repo = ""mqtt-exporter"";␤    tag = ""v${version}"";␤    hash = ""sha256-FBB8KvSLrcJ9pdfVq18ykovwApNZoOcU0xTfvAWTxpc="";␤  }",buildPythonApplication,c6a788f552b7b7af703b1a29802a7233c0067908,TRUE,TRUE,FALSE,FALSE,FALSE,version_bump,1,3,4,2025-03-08,349fdcd745173d0a6df586b86f67f492e6a5e070,179,2024-11-30,FALSE,1,53,v1.8.1-1,tag,yes
194fc7cb9e50fda9a63fca15a3183fcda68ac310,231bf43f72ff6cbc22bfb4f3ba4249cba5ef8375,2025-09-03,pkgs/by-name/yu/yubikey-manager/package.nix,yubikey-manager,5.7.2,fetchFromGitHub,"fetchFromGitHub {␤    owner = ""Yubico"";␤    repo = ""yubikey-manager"";␤    tag = version;␤    hash = ""sha256-dgOi9gJ7jO3+EjZQjHfx+KDsBtj6b4JWR3Bp9xWM6FI="";␤  }",buildPythonPackage,aaff8c16d7fc04991cac6245bee1baa31f72b1e1,yubikey-manager,5.8.0,fetchFromGitHub,"fetchFromGitHub {␤    owner = ""Yubico"";␤    repo = ""yubikey-manager"";␤    tag = version;␤    hash = ""sha256-Z3krdKP6hhhIxN7nl/k5r30jFVC0kZK9Z6Aqllp/KrA="";␤  }",buildPythonPackage,aaff8c16d7fc04991cac6245bee1baa31f72b1e1,TRUE,TRUE,FALSE,FALSE,FALSE,version_bump,7,8,15,2025-06-14,3a75333d2d9e9114e0d8223f8bcd9d3b32c6401f,81,2024-11-09,FALSE,1,54,5.8.0,tag,yes
8c9174bb2443e09b94b72fd6ae294349dd18f7cb,3fa223ce45c019d14c9efe268e80c4cf1cb0f62f,2025-09-03,pkgs/by-name/dn/dnsrecon/package.nix,dnsrecon,1.4.0,fetchFromGitHub,"fetchFromGitHub {␤    owner = ""darkoperator"";␤    repo = ""dnsrecon"";␤    tag = version;␤    hash = ""sha256-uBb19JNlbevwqFSNzLzUmmDw063Hl7RPbu453tYZ3Gc="";␤  }",buildPythonApplication,aaff8c16d7fc04991cac6245bee1baa31f72b1e1,dnsrecon,1.5.1,fetchFromGitHub,"fetchFromGitHub {␤    owner = ""darkoperator"";␤    repo = ""dnsrecon"";␤    tag = version;␤    hash = ""sha256-RX7A/vF19wTcvm+kP4ynarzGY+pUIj84zQJIM3tO/2M="";␤  }",buildPythonApplication,aaff8c16d7fc04991cac6245bee1baa31f72b1e1,TRUE,TRUE,FALSE,FALSE,FALSE,version_bump,8,0,8,2025-07-21,28f54cbe33a41e14c42b7ec4b300033b166c2ecd,44,2024-11-09,FALSE,7,55,1.5.1,tag,yes
6d5d7154e094ffc018ac3249178d59ea8584778f,27fb23f48dbaa28c3965ff2e8ef766c7ab897888,2025-09-02,pkgs/by-name/go/go-camo/package.nix,go-camo,2.6.4,fetchFromGitHub,"fetchFromGitHub {␤    owner = ""cactus"";␤    repo = ""go-camo"";␤    tag = ""v${version}"";␤    hash = ""sha256-BdKIfDDN6GXc53SFDkJ8Dui5rrm27blA+EEOS/oAanE="";␤  }",,58dcbf1ec551914c3756c267b8b9c8c86baa1b2f,go-camo,2.6.5,fetchFromGitHub,"fetchFromGitHub {␤    owner = ""cactus"";␤    repo = ""go-camo"";␤    tag = ""v${version}"";␤    hash = ""sha256-+EHJIohHSWg12Tmn6hu1XUSVRyYWu3aFI7MF7+PnfFg="";␤  }",,58dcbf1ec551914c3756c267b8b9c8c86baa1b2f,TRUE,TRUE,FALSE,FALSE,FALSE,version_bump,3,3,6,2025-08-11,7f8e5b9fee37a58c12c19f8de5595ddf3d222774,22,2023-10-17,FALSE,2,56,v2.6.5,tag,yes
a3cdfe961dfd59803797b92278a6be7017a03710,45c83a49be3bb465ec17486ce2c8154480bdd78e,2025-08-03,pkgs/by-name/li/libnick/package.nix,libnick,2025.6.1,fetchFromGitHub,"fetchFromGitHub {␤    owner = ""NickvisionApps"";␤    repo = ""libnick"";␤    tag = finalAttrs.version;␤    hash = ""sha256-Ir2Jke1zK4pKldQJHaT0Ju0ubz7H6nx16hDNl6u48Ck="";␤  }",mkDerivation,bf9fa86a9b1005d932f842edf2c38eeecc98eef3,libnick,2025.8.0,fetchFromGitHub,"fetchFromGitHub {␤    owner = ""NickvisionApps"";␤    repo = ""libnick"";␤    tag = finalAttrs.version;␤    hash = ""sha256-LgvU5a3W5Oii6pRAAKZo28yOyPRUMjxwEXDZ2jXJPGM="";␤  }",mkDerivation,94bcd9f5bcc94c0a1451ea873e38dddea7360bdc,TRUE,TRUE,FALSE,FALSE,FALSE,version_bump,5,3,8,2025-07-22,5a0711127cd8b916c3d3128f473388c8c79df0da,12,2025-01-31,FALSE,2,57,2025.8.0,tag,yes
cd319b09216319a812031329cae1c5a97ce1e7c8,20075955deac2583bb12f07151c2df830ef346b4,2025-08-22,pkgs/by-name/wr/wrtag/package.nix,wrtag,0.15.0,fetchFromGitHub,"fetchFromGitHub {␤    owner = ""sentriz"";␤    repo = ""wrtag"";␤    tag = ""v${finalAttrs.version}"";␤    hash = ""sha256-ev/dfj6WpBZzOaN1RXHcEmkd2pVLX92J/VhoMXYGPPw="";␤  }",buildGoModule,97eb7ee0da337d385ab015a23e15022c865be75c,wrtag,0.17.0,fetchFromGitHub,"fetchFromGitHub {␤    owner = ""sentriz"";␤    repo = ""wrtag"";␤    tag = ""v${finalAttrs.version}"";␤    hash = ""sha256-fYxtZnOO4+uU6p8p7uNPDnIinUT+TYXfO3G17PtcqQA="";␤  }",buildGoModule,596312aae91421d6923f18cecce934a7d3bfd6b8,TRUE,TRUE,FALSE,FALSE,FALSE,version_bump,9,1,10,2025-07-31,5407242cb19ef54c45a8a5d6fca54b2359c9d8fe,22,2025-07-31,FALSE,1,58,v0.17.0,tag,yes
7c2bf912e9569409cbfc42ee9f545ff8351546f7,759dcc6981cd4aa222d36069f78fe7064d563305,2025-08-29,pkgs/by-name/sa/samrewritten/package.nix,samrewritten,202008-unstable-2025-03-11,fetchFromGitHub,"fetchFromGitHub {␤    owner = ""PaulCombal"";␤    repo = ""SamRewritten"";␤    # The latest release is too old, use latest commit instead␤    rev = ""cac0291f3e4465135f5cf7d5b99fdb005fb23ade"";␤    hash = ""sha256-+f/j2q1lJ3yp3/BBgnK9kS4P3ULQ5onQPAcUV12LYnI="";␤  }",mkDerivation,6b0b1559e918d4f7d1df398ee1d33aeac586d4d6,samrewritten,20250802.1,fetchFromGitHub,"fetchFromGitHub {␤    owner = ""PaulCombal"";␤    repo = ""SamRewritten"";␤    tag = finalAttrs.version;␤    hash = ""sha256-41fBafFmYW8uGICpIJtSnXDP+KV3uVInxm0op40V/tc="";␤  }",buildRustPackage,c73522789a3c7552b1122773d6eaa34e1491cc1c,TRUE,TRUE,TRUE,FALSE,TRUE,version_bump,26,20,46,2025-03-19,5e8defe22b9fd0982d8b46cad9ca2a5ae99fba89,163,2023-09-21,FALSE,20,59,20250802.1,tag,yes
e37fb4306b0665f29ef860b1c4bbbbf4db34cfb3,8c5f803260b721588fda776a178735b3a7e9f422,2025-08-31,pkgs/by-name/up/upcloud-cli/package.nix,upcloud-cli,3.21.0,fetchFromGitHub,"fetchFromGitHub {␤    owner = ""UpCloudLtd"";␤    repo = ""upcloud-cli"";␤    tag = ""v${finalAttrs.version}"";␤    hash = ""sha256-GN/GIqppSXDexe2KRH1RoVpm8HUkvsnul3H+q4OcjOA="";␤  }",buildGoModule,c73522789a3c7552b1122773d6eaa34e1491cc1c,upcloud-cli,3.22.0,fetchFromGitHub,"fetchFromGitHub {␤    owner = ""UpCloudLtd"";␤    repo = ""upcloud-cli"";␤    tag = ""v${finalAttrs.version}"";␤    hash = ""sha256-37e5eJdKqUMlipcViFC4bTtZSlL3PgjjPiTO3PJWpTw="";␤  }",,a918bb3594dd243c2f8534b3be01b3cb4ed35fd1,TRUE,TRUE,FALSE,FALSE,FALSE,version_bump,3,3,6,2025-07-22,9127e920e39057b37c89d8061ff8769c1acbc530,40,2024-12-25,FALSE,2,60,v3.22.0,tag,yes
12be28bc4ce6deea7314649b5c3f9145cf8dba63,8c5f803260b721588fda776a178735b3a7e9f422,2025-08-31,pkgs/by-name/us/usbsdmux/package.nix,usbsdmux,24.1.1,fetchPypi,"fetchPypi {␤    inherit pname version;␤    hash = ""sha256-OtGgToDGUr6pBu9+LS/DxaYw/9+Pd6jPhxVDAM22HB4="";␤  }",buildPythonApplication,c73522789a3c7552b1122773d6eaa34e1491cc1c,usbsdmux,25.8,fetchPypi,"fetchPypi {␤    inherit pname version;␤    hash = ""sha256-/hDDEUvpdpUpg3ZVw8NWcDOLOtLu087Ki7FmGrDh9Gg="";␤  }",buildPythonApplication,a918bb3594dd243c2f8534b3be01b3cb4ed35fd1,TRUE,TRUE,FALSE,FALSE,FALSE,version_bump,4,1,5,2025-07-13,3f6d337be6743edbda8f1457072d8b8591ae88d3,49,2024-11-09,FALSE,1,61,,,yes
329379cd71dd3ea553208437378778059da26414,2e6bbc0fb4584a8e9b34b89eeeaa86242a72d9cc,2025-08-30,pkgs/by-name/vk/vkd3d/package.nix,vkd3d,1.15,fetchFromGitLab,"fetchFromGitLab {␤    domain = ""gitlab.winehq.org"";␤    owner = ""wine"";␤    repo = ""vkd3d"";␤    rev = ""vkd3d-${finalAttrs.version}"";␤    hash = ""sha256-EzXsYi9wC+JdMYE77cIeO2lV+fY4ViQM3+KcAJFv9tU="";␤  }",mkDerivation,c73522789a3c7552b1122773d6eaa34e1491cc1c,vkd3d,1.17,fetchFromGitLab,"fetchFromGitLab {␤    domain = ""gitlab.winehq.org"";␤    owner = ""wine"";␤    repo = ""vkd3d"";␤    tag = ""vkd3d-${finalAttrs.version}"";␤    hash = ""sha256-jxQ9L1GL4j3P5/nb79qAXQp8/IStOWmiK/vvbFxeg1k="";␤  }",mkDerivation,a918bb3594dd243c2f8534b3be01b3cb4ed35fd1,TRUE,TRUE,FALSE,FALSE,FALSE,version_bump,3,0,3,2025-02-20,c9935e34741b7258037862e2360732f50a074da4,191,2024-03-08,FALSE,2,62,vkd3d-1.17,tag,yes
2d1f19a49b6d5cdde39c08498dcb27aeeb3b8cae,ebe3396323bd11da59051b554fa01032b77589b1,2025-08-30,pkgs/by-name/vi/vivictpp/package.nix,vivictpp,1.1.0,fetchFromGitHub,"fetchFromGitHub {␤      owner = ""vivictorg"";␤      repo = ""vivictpp"";␤      rev = ""v${version}"";␤      hash = ""sha256-ScuCOmcK714YXEHncizwj6EWdiNIJA1xRMn5gfmg4K4="";␤    }",mkDerivation,ddd1826f294a0ee5fdc198ab72c8306a0ea73aa9,sources-with-subprojects,1.3.0,fetchFromGitHub,"fetchFromGitHub {␤      owner = ""vivictorg"";␤      repo = ""vivictpp"";␤      tag = ""v${version}"";␤      fetchSubmodules = true;␤      hash = ""sha256-yzUgLZbqEzyJINWQUTC/j33XbjSXP1vpDlgiKv6Jx9Q="";␤    }",mkDerivation,c73522789a3c7552b1122773d6eaa34e1491cc1c,TRUE,TRUE,FALSE,FALSE,FALSE,version_bump,10,2,12,2025-04-08,f42e00d66ef2539bc05fae91af407f16c44abccd,144,2024-09-25,FALSE,2,63,v1.3.0,tag,yes
593320dbd154b081a2d22cc25432fb1d91a3aa1a,dfb2f12e899db4876308eba6d93455ab7da304cd,2025-08-29,pkgs/by-name/zu/zulip/package.nix,zulip,5.12.0,fetchFromGitHub,"fetchFromGitHub {␤    owner = ""zulip"";␤    repo = ""zulip-desktop"";␤    tag = ""v${version}"";␤    hash = ""sha256-YDb69tJCR58DARssnZgdVxtRpR8vHsawCTv7kQ56y+8="";␤  }",buildNpmPackage,97eb7ee0da337d385ab015a23e15022c865be75c,zulip,5.12.1,fetchFromGitHub,"fetchFromGitHub {␤    owner = ""zulip"";␤    repo = ""zulip-desktop"";␤    tag = ""v${version}"";␤    hash = ""sha256-YuiPf/ciSm0nBlF8U55EkPSTz+RI148QKOFv6FmYRD0="";␤  }",buildNpmPackage,c73522789a3c7552b1122773d6eaa34e1491cc1c,TRUE,TRUE,FALSE,FALSE,FALSE,version_bump,6,5,11,2025-04-01,374e6bcc403e02a35e07b650463c01a52b13a7c8,150,2024-11-09,FALSE,2,64,v5.12.1,tag,yes
d8f89b48aca9e1d23639bae5946a2a5e69016979,558ded8aeac032ea490340c4980d47af97329e2c,2025-08-28,pkgs/by-name/xt/xtensor-blas/package.nix,xtensor-blas,0.22.0,fetchFromGitHub,"fetchFromGitHub {␤    owner = ""xtensor-stack"";␤    repo = ""xtensor-blas"";␤    tag = finalAttrs.version;␤    hash = ""sha256-Lg6MjJbZUCMqv4eSiZQrLfJy/86RWQ9P85UfeIQJ6bk="";␤  }",mkDerivation,c3e5d9f86b3f5678d0d8c9f0b9f081ab1ccdbe05,xtensor-blas,0.23.0,fetchFromGitHub,"fetchFromGitHub {␤    owner = ""xtensor-stack"";␤    repo = ""xtensor-blas"";␤    tag = finalAttrs.version;␤    hash = ""sha256-3g84TMOBWq9q8O6GipwdsugjGhPwkZE1cXbRsnVp3Ls="";␤  }",mkDerivation,c3e5d9f86b3f5678d0d8c9f0b9f081ab1ccdbe05,TRUE,TRUE,FALSE,FALSE,FALSE,version_bump,11,13,24,2025-06-18,bed3f503627c224c6999284f98efba17791721b8,71,2025-06-18,FALSE,2,65,0.23.0,tag,yes
4bd7810cc62e34e387662a38bf0e18945454cabe,a9a89752ac1cbd74631c6191072292ec513b1c25,2025-08-24,pkgs/by-name/yt/ytcc/package.nix,ytcc,2.7.2,fetchFromGitHub,"fetchFromGitHub {␤    owner = ""woefe"";␤    repo = ""ytcc"";␤    tag = ""v${version}"";␤    hash = ""sha256-PNSkIp6CJvgirO3k2lB0nOVEC1+znhn3/OyRIJ1EANI="";␤  }",buildPythonApplication,ddd1826f294a0ee5fdc198ab72c8306a0ea73aa9,ytcc,2.8.0,fetchFromGitHub,"fetchFromGitHub {␤    owner = ""woefe"";␤    repo = ""ytcc"";␤    tag = ""v${version}"";␤    hash = ""sha256-6Z5xoGbOtJnPlPj5GS9ElRkuuNd+ON9RsZyl5VLzLE0="";␤  }",buildPythonApplication,f937f8ecd1c70efd7e9f90ba13dfb400cf559de4,TRUE,TRUE,FALSE,FALSE,FALSE,version_bump,6,1,7,2025-06-22,925f6afe25c538d5d211f1ecf2f4daf7917a1c7e,63,2024-11-09,FALSE,1,66,v2.8.0,tag,yes
ba1cc1073096aa5c6f7608312689b70f9d90e85b,43d66715e541e95df15dd1d78acf89b22ec9a89a,2025-08-27,pkgs/by-name/st/stig/package.nix,stig,0.12.10a0,fetchFromGitHub,"fetchFromGitHub {␤    owner = ""rndusr"";␤    repo = ""stig"";␤    rev = ""v${version}"";␤    sha256 = ""sha256-lSFI4/DxWl17KFgLXZ7c5nW/e5IUGN7s8Gm6wTM5ZWg="";␤  }",buildPythonApplication,ddd1826f294a0ee5fdc198ab72c8306a0ea73aa9,stig,0.13.0a0,fetchFromGitHub,"fetchFromGitHub {␤    owner = ""rndusr"";␤    repo = ""stig"";␤    rev = ""v${version}"";␤    hash = ""sha256-X7V6NpHJBRj8A1Z37XNPEvFfwIFPtqWaBm8hzkA8g6o="";␤  }",buildPythonApplication,ddd1826f294a0ee5fdc198ab72c8306a0ea73aa9,TRUE,TRUE,FALSE,FALSE,FALSE,version_bump,4,0,4,2025-04-08,a19cd4ffb1f4b953a76f3ac29c6520d0b1877108,141,2024-11-09,FALSE,1,67,v0.13.0a0,rev,yes
e6dd01d44cfc2b6fa6b59a68bda98ec8bdaa18db,01c9b7f95ace965011921f04696127602a9932a4,2025-08-27,pkgs/by-name/ty/typescript-go/package.nix,typescript-go,0-unstable-2025-08-12,fetchFromGitHub,"fetchFromGitHub {␤    owner = ""microsoft"";␤    repo = ""typescript-go"";␤    rev = ""1ee2ba99609ae66af1e7ec4a4770482d7eeaeb43"";␤    hash = ""sha256-5xSQaQ1ntFmwLzdkqEi9GORRJ9bYHsTCW+3JAi76Fh0="";␤    fetchSubmodules = false;␤  }",buildGoModule,ddd1826f294a0ee5fdc198ab72c8306a0ea73aa9,typescript-go,0-unstable-2025-08-26,fetchFromGitHub,"fetchFromGitHub {␤    owner = ""microsoft"";␤    repo = ""typescript-go"";␤    rev = ""d85436e9a34a27ed2c3dd77767574717e22ccf85"";␤    hash = ""sha256-3uD9vo/Gg4YjLSrGT3x+XfkVOseV9+JN07TxzVOv/5w="";␤    fetchSubmodules = false;␤  }",buildGoModule,ddd1826f294a0ee5fdc198ab72c8306a0ea73aa9,TRUE,TRUE,TRUE,FALSE,FALSE,version_bump,4,1,5,2025-08-12,28020bc104bf1deb53de2f5d5475e9554cd2df5f,15,2025-05-26,FALSE,2,68,d85436e9a34a27ed2c3dd77767574717e22ccf85,rev,yes
f83f2fa800f5202726897c1fd120fb5e47b5156b,d1d41c3b45c3b4bbadc0e5775e449b6bf3b068b8,2025-08-26,pkgs/by-name/sq/sqruff/package.nix,sqruff,0.25.28,fetchFromGitHub,"fetchFromGitHub {␤    owner = ""quarylabs"";␤    repo = ""sqruff"";␤    tag = ""v${version}"";␤    hash = ""sha256-Xea6jXQos5gyF1FeGF7B5YaQszqfsKhGw1k8j0m7J6c="";␤  }",buildRustPackage,84c256e42600cb0fdf25763b48d28df2f25a0c8b,sqruff,0.29.3,fetchFromGitHub,"fetchFromGitHub {␤    owner = ""quarylabs"";␤    repo = ""sqruff"";␤    tag = ""v${version}"";␤    hash = ""sha256-bJmkHOACjdSXHE56okrIFERs1wK00XeyipdIFbRjIFI="";␤  }",buildRustPackage,84c256e42600cb0fdf25763b48d28df2f25a0c8b,TRUE,TRUE,FALSE,FALSE,FALSE,version_bump,2,12,14,2025-07-15,398b16e16cc688d8ffcf820d1ec50a55da44a108,42,2024-08-10,FALSE,1,69,v0.29.3,tag,yes
67cffed7d9de1c4b8e6fe5681c53f9513492be55,e5143301e214ec9099f882fda8363d9080e86243,2025-08-26,pkgs/by-name/go/gotenberg/package.nix,gotenberg,8.21.1,fetchFromGitHub,"fetchFromGitHub {␤    owner = ""gotenberg"";␤    repo = ""gotenberg"";␤    tag = ""v${version}"";␤    hash = ""sha256-2uILOK5u+HrdjqN+ZQjGv48QxSCrzSvnF+Ae6iCKCbU="";␤  }",buildGoModule,84c256e42600cb0fdf25763b48d28df2f25a0c8b,gotenberg,8.22.0,fetchFromGitHub,"fetchFromGitHub {␤    owner = ""gotenberg"";␤    repo = ""gotenberg"";␤    tag = ""v${version}"";␤    hash = ""sha256-LrkJlUkcvW8ky9e2Ltj13wxcL0rvaE4NfVJrcrgPHL4="";␤  }",,84c256e42600cb0fdf25763b48d28df2f25a0c8b,TRUE,TRUE,FALSE,FALSE,FALSE,version_bump,18,7,25,2025-06-24,397d2687b734d9f53e911022ee77cbb019071440,63,2024-07-11,FALSE,2,70,v8.22.0,tag,yes
38f0736da7c8ded304a82bbb36bb12783ed2db66,41b4d676f2c1c4989839085029ee18b1bcccd39f,2025-08-08,pkgs/by-name/se/sesh/package.nix,sesh,2.16.0,fetchFromGitHub,"fetchFromGitHub {␤    owner = ""joshmedeski"";␤    repo = ""sesh"";␤    rev = ""v${version}"";␤    hash = ""sha256-3kD7t3lgkxrK53cL+5i9DB5w1hIYA4J/MiauLZ1Z7KQ="";␤  }",buildGoModule,a3f3e3f2c983e957af6b07a1db98bafd1f87b7a1,sesh,2.17.1,fetchFromGitHub,"fetchFromGitHub {␤    owner = ""joshmedeski"";␤    repo = ""sesh"";␤    rev = ""v${version}"";␤    hash = ""sha256-olt61AR/Tq8lLh65V0/+GDrWjCi9hrkNbHR9LOX7kY0="";␤  }",buildGoModule,a3f3e3f2c983e957af6b07a1db98bafd1f87b7a1,TRUE,TRUE,FALSE,FALSE,FALSE,version_bump,8,1,9,2025-08-08,41b4d676f2c1c4989839085029ee18b1bcccd39f,0,2024-02-05,FALSE,1,71,v2.17.1,rev,yes
4241f0fed9cc74285b2243297f3c7a014c935c20,8d7b64700d8f866e83a7b36ad9dd550391ac6718,2025-08-26,pkgs/by-name/hi/high-tide/package.nix,high-tide,1.0.0,fetchFromGitHub,"fetchFromGitHub {␤    owner = ""Nokse22"";␤    repo = ""high-tide"";␤    tag = ""v${version}"";␤    hash = ""sha256-lvfEqXXlDuW+30iTQ0FddcnAMZRM0BYeuxLN4++xs/0="";␤  }",buildPythonApplication,84c256e42600cb0fdf25763b48d28df2f25a0c8b,high-tide,1.1.0,fetchFromGitHub,"fetchFromGitHub {␤    owner = ""Nokse22"";␤    repo = ""high-tide"";␤    tag = ""v${version}"";␤    hash = ""sha256-AHdv2eazUnxgw5D4SlIzWm/wnC26zedwiAGT0OzjdZs="";␤  }",buildPythonApplication,84c256e42600cb0fdf25763b48d28df2f25a0c8b,TRUE,TRUE,FALSE,FALSE,FALSE,version_bump,6,2,8,2025-08-20,a34e1c8be503b344108729a9e05994860fcf3aec,6,2025-05-01,FALSE,1,72,v1.1.0,tag,yes
615e8c181f22637aac01590ea234afec0e80040a,dbfdaa1a1cef034a790d0287bdd885ee78ecb11c,2025-08-25,pkgs/by-name/kx/kxstitch/package.nix,kxstitch,unstable-2023-12-31,fetchgit,"fetchgit {␤    url = ""https://invent.kde.org/graphics/kxstitch.git"";␤    rev = ""4bb575dcb89e3c997e67409c8833e675962e101a"";␤    hash = ""sha256-pi+RpuT8YQYp1ogGtIgXpTPdYSFk19TUHTHDVyOcrMI="";␤  }",mkDerivation,c53baa6685261e5253a1c355a1b322f82674a824,kxstitch,unstable-2025-08-16,fetchgit,"fetchgit {␤    url = ""https://invent.kde.org/graphics/kxstitch.git"";␤    rev = ""bfe934ffc2c2dfa1cc554bc4483a3285b027b00c"";␤    hash = ""sha256-B81nwInFWcQVDJU6VINII8crVPtV5zYBXADVVe+wCu4="";␤  }",mkDerivation,c53baa6685261e5253a1c355a1b322f82674a824,TRUE,TRUE,TRUE,FALSE,FALSE,version_bump,11,6,17,2024-12-10,4f0dadbf38ee4cf4cc38cbc232b7708fddf965bc,258,2023-12-31,FALSE,17,73,bfe934ffc2c2dfa1cc554bc4483a3285b027b00c,rev,yes
cca7c124471e82423a150c6cd63bd41a7b377632,1e9ed5e46cba9ca7b4710d585c6aacd10a0a33dc,2025-08-25,pkgs/by-name/bl/bluetuith/package.nix,bluetuith,0.2.3,fetchFromGitHub,"fetchFromGitHub {␤    owner = ""darkhz"";␤    repo = ""bluetuith"";␤    tag = ""v${finalAttrs.version}"";␤    hash = ""sha256-yXH/koNT4ec/SOZhSU01iPNAfD1MdMjM2+wNmjXWsrk="";␤  }",buildGoModule,6b0b1559e918d4f7d1df398ee1d33aeac586d4d6,bluetuith,0.2.5,fetchFromGitHub,"fetchFromGitHub {␤    owner = ""darkhz"";␤    repo = ""bluetuith"";␤    tag = ""v${finalAttrs.version}"";␤    hash = ""sha256-h7SMGI8wIiu4i2kcKRsmLHM4tu7ZZK0usBXh5zFu94E="";␤  }",buildGoModule,c10013702f1e18305d4d53154cb3fab3b5742c43,TRUE,TRUE,FALSE,FALSE,FALSE,version_bump,3,4,7,2025-06-02,51104bca6e7b853662b31699baf526a57da5f2a7,84,2023-12-30,FALSE,3,74,v0.2.5,tag,yes
4afbcac6c81369f11eaf0ef9e43547c0284966f9,68c17550acca50c3fa291947e6e8090ded424e41,2025-08-19,pkgs/by-name/pr/protoc-gen-js/package.nix,protoc-gen-js,3.21.2,fetchFromGitHub,"fetchFromGitHub {␤    owner = ""protocolbuffers"";␤    repo = ""protobuf-javascript"";␤    rev = ""v${version}"";␤    hash = ""sha256-TmP6xftUVTD7yML7UEM/DB8bcsL5RFlKPyCpcboD86U="";␤  }",,97eb7ee0da337d385ab015a23e15022c865be75c,protoc-gen-js,3.21.4,fetchFromGitHub,"fetchFromGitHub {␤    owner = ""protocolbuffers"";␤    repo = ""protobuf-javascript"";␤    rev = ""v${version}"";␤    hash = ""sha256-eIOtVRnHv2oz4xuVc4aL6JmhpvlODQjXHt1eJHsjnLg="";␤  }",,97eb7ee0da337d385ab015a23e15022c865be75c,TRUE,TRUE,FALSE,FALSE,FALSE,version_bump,9,3,12,2025-04-08,a19cd4ffb1f4b953a76f3ac29c6520d0b1877108,133,2023-12-30,FALSE,3,75,v3.21.4,rev,yes
a7c15865d079fbbb1e01c910c34606b6b0e55b63,ee1fea380d89c0f01f802fed6bb1874c629f1d6c,2025-08-23,pkgs/by-name/za/zapret/package.nix,zapret,71,fetchFromGitHub,"fetchFromGitHub {␤    owner = ""bol-van"";␤    repo = ""zapret"";␤␤    leaveDotGit = true;␤    postFetch = ''␤      cd ""$out""␤      git rev-parse --short HEAD > $out/COMMIT␤      find ""$out"" -name .git -print0 | xargs -0 rm -rf␤    '';␤␤    tag = ""v${finalAttrs.version}"";␤    hash = ""sha256-cwwj0xGEiR3sg2WheurtQo6Hy5JAARcZJNHEHMfAoOE="";␤  }",mkDerivation,f937f8ecd1c70efd7e9f90ba13dfb400cf559de4,zapret,71.4,fetchFromGitHub,"fetchFromGitHub {␤    owner = ""bol-van"";␤    repo = ""zapret"";␤␤    leaveDotGit = true;␤    postFetch = ''␤      cd ""$out""␤      git rev-parse --short HEAD > $out/COMMIT␤      find ""$out"" -name .git -print0 | xargs -0 rm -rf␤    '';␤␤    tag = ""v${finalAttrs.version}"";␤    hash = ""sha256-n7UasKtoQ4zfy2ho2vOREb0RPrDnhjYYbXcXTjelDvg="";␤  }",mkDerivation,f937f8ecd1c70efd7e9f90ba13dfb400cf559de4,TRUE,TRUE,FALSE,FALSE,FALSE,version_bump,2,10,12,2025-06-05,b58ef718f995e33f61211a866a43134cc00d17e1,79,2024-07-17,FALSE,4,76,v71.4,tag,yes
74ab541dfb460da2c1e7f28aa3cbb6ef472d3c48,7a7425ea73b5692d14600e63d25791ee86456698,2025-08-22,pkgs/by-name/fr/fromager/package.nix,fromager,0.47.0,fetchFromGitHub,"fetchFromGitHub {␤    owner = ""python-wheel-build"";␤    repo = ""fromager"";␤    tag = version;␤    hash = ""sha256-Jw5fOhY4WOwYG5QPCcsT6+BicGtqz9UrHcpPsPQlOWc="";␤  }",buildPythonApplication,596312aae91421d6923f18cecce934a7d3bfd6b8,fromager,0.59.0,fetchFromGitHub,"fetchFromGitHub {␤    owner = ""python-wheel-build"";␤    repo = ""fromager"";␤    tag = version;␤    hash = ""sha256-aKoZKpzgJ3e5JRYSSeLmLlji1Fj8omxvwGZfNXDOhLs="";␤  }",buildPythonApplication,f937f8ecd1c70efd7e9f90ba13dfb400cf559de4,TRUE,TRUE,FALSE,FALSE,FALSE,version_bump,3,2,5,2025-06-05,c57036a1e742862afc00275613837e315135dab6,78,2025-05-09,FALSE,3,77,0.59.0,tag,yes
3be790be3a6d3fb6dacfb1f6589f87499bb6bc26,6dabf8cbed1697b765440edcf0afb27ebdfd366e,2025-08-22,pkgs/by-name/te/terragrunt/package.nix,terragrunt,0.85.0,fetchFromGitHub,"fetchFromGitHub {␤    owner = ""gruntwork-io"";␤    repo = ""terragrunt"";␤    tag = ""v${finalAttrs.version}"";␤    hash = ""sha256-ey3Qbwg036OzWYfw/0lso3CentUXGF0/NB/w3ss3Dp0="";␤  }",buildGoModule,f937f8ecd1c70efd7e9f90ba13dfb400cf559de4,terragrunt,0.86.0,fetchFromGitHub,"fetchFromGitHub {␤    owner = ""gruntwork-io"";␤    repo = ""terragrunt"";␤    tag = ""v${finalAttrs.version}"";␤    hash = ""sha256-Xmka1391wEGufEEavQNoB5YuzR7npe6ky8MzKJnGQt8="";␤  }",,f937f8ecd1c70efd7e9f90ba13dfb400cf559de4,TRUE,TRUE,FALSE,FALSE,FALSE,version_bump,3,4,7,2025-08-15,564dd29eeeb2bf1998faeaed4a50b26ca7baaf6a,7,2024-04-28,FALSE,2,78,v0.86.0,tag,yes
66dc5c81d4e5f7b81b388bf2e71eb2d9024a9641,314fe5f12f46e864ed9e41471680d8dba0c77acd,2025-08-12,pkgs/by-name/kg/kgeotag/package.nix,kgeotag,1.7.0,fetchFromGitLab,"fetchFromGitLab {␤    domain = ""invent.kde.org"";␤    repo = ""kgeotag"";␤    owner = ""graphics"";␤    rev = ""v${version}"";␤    hash = ""sha256-/NYAR/18Dh+fphCBz/zFWj/xqEl28e77ZtV8LlcGyMI="";␤  }",mkDerivation,372d9eeeafa5b15913201e2b92e8e539ac7c64d1,kgeotag,1.8.0-unstable-2025-07-25,fetchFromGitLab,"fetchFromGitLab {␤    domain = ""invent.kde.org"";␤    repo = ""kgeotag"";␤    owner = ""graphics"";␤    rev = ""b2b140e8f72ab37bad3729bea527203324d12131"";␤    hash = ""sha256-jUcKm4IPQt2JiZUmIjMJ9EG0kDjzoPGjzBPMHZ6j9lM="";␤  }",mkDerivation,372d9eeeafa5b15913201e2b92e8e539ac7c64d1,TRUE,TRUE,TRUE,FALSE,FALSE,version_bump,8,7,15,2024-12-10,4f0dadbf38ee4cf4cc38cbc232b7708fddf965bc,245,2023-11-27,FALSE,9,79,b2b140e8f72ab37bad3729bea527203324d12131,rev,yes
653226bb50b7d6e19832eb483c7f8efdef1f22cd,addb1ddd478d0df973caa8c865beb41d2196e13e,2025-08-20,pkgs/by-name/do/docstrfmt/package.nix,docstrfmt,1.10.0,fetchFromGitHub,"fetchFromGitHub {␤    owner = ""LilSpazJoekp"";␤    repo = ""docstrfmt"";␤    tag = ""v${version}"";␤    hash = ""sha256-L7zz9FJRSiBWthME0zsUWHxeA+zVuxQpkyEVbNSSEQs="";␤  }",buildPythonApplication,c3fc1fe6d8765d99c8614c6f82d611dc56b9ae37,docstrfmt,1.11.0,fetchFromGitHub,"fetchFromGitHub {␤    owner = ""LilSpazJoekp"";␤    repo = ""docstrfmt"";␤    tag = ""v${version}"";␤    hash = ""sha256-5Yx+omXZSlpJSzA4dTY/JdfmHQshM7qI++OVvqYg1jc="";␤  }",buildPythonApplication,c3fc1fe6d8765d99c8614c6f82d611dc56b9ae37,TRUE,TRUE,FALSE,FALSE,FALSE,version_bump,0,5,5,2025-08-11,8bc9bb67992d7c8a1d225886001e754f40ad568d,9,2025-08-11,FALSE,1,80,v1.11.0,tag,yes
6fe44ff4f2c9a739aa01d9e08280b08bc65602d2,13b9a48210033169304188000600ea4b6b1272ed,2025-08-21,pkgs/by-name/re/recastnavigation/package.nix,recastai,unstable-2023-01-02,fetchFromGitHub,"fetchFromGitHub {␤    owner = ""recastnavigation"";␤    repo = ""recastnavigation"";␤    rev = ""405cc095ab3a2df976a298421974a2af83843baf"";␤    sha256 = ""sha256-WVzDI7+UuAl10Tm1Zjkea/FMk0cIe7pWg0iyFLbwAdI="";␤  }",mkDerivation,596312aae91421d6923f18cecce934a7d3bfd6b8,recastai,unstable-2025-08-12,fetchFromGitHub,"fetchFromGitHub {␤    owner = ""recastnavigation"";␤    repo = ""recastnavigation"";␤    rev = ""40ec6fcd6c0263a3d7798452aee531066072d15d"";␤    hash = ""sha256-4flJMJsuCecpHDtgAsnDU7WoAtUg/XJfRXx096Zw6bE="";␤  }",mkDerivation,596312aae91421d6923f18cecce934a7d3bfd6b8,TRUE,TRUE,TRUE,FALSE,FALSE,version_bump,3,9,12,2025-07-22,5a0711127cd8b916c3d3128f473388c8c79df0da,30,2024-11-09,FALSE,2,81,40ec6fcd6c0263a3d7798452aee531066072d15d,rev,yes
f95f31ff2dfd2e83fb15bec6cd3bca60524f989c,f620f33b632769af3e354d6b0943adb9c1bbdb6b,2025-07-31,pkgs/by-name/ta/taskchampion-sync-server/package.nix,taskchampion-sync-server,0.6.1,fetchFromGitHub,"fetchFromGitHub {␤    owner = ""GothenburgBitFactory"";␤    repo = ""taskchampion-sync-server"";␤    tag = ""v${version}"";␤    hash = ""sha256-spuTCRsF1uHTTWfOjkMRokZnBhqP53CPAi3WMJB3yq4="";␤  }",buildRustPackage,97eb7ee0da337d385ab015a23e15022c865be75c,taskchampion-sync-server,0.7.0,fetchFromGitHub,"fetchFromGitHub {␤    owner = ""GothenburgBitFactory"";␤    repo = ""taskchampion-sync-server"";␤    tag = ""v${version}"";␤    hash = ""sha256-DNGugytc4dMjj8je4BpEjNjdrnTBnWc1MNeMqcdTr4s="";␤  }",buildRustPackage,8679b16e11becd487b45d568358ddf9d5640d860,TRUE,TRUE,FALSE,FALSE,FALSE,version_bump,14,2,16,2025-07-15,398b16e16cc688d8ffcf820d1ec50a55da44a108,16,2024-04-13,FALSE,1,82,v0.7.0,tag,yes
223d8c24a87d54579b4ff709499ffa8b17e8734c,dc29a184276d0146d1964d2ec8a92e7e4cad16a9,2025-08-19,pkgs/by-name/tg/tgpt/package.nix,tgpt,2.10.0,fetchFromGitHub,"fetchFromGitHub {␤    owner = ""aandrew-me"";␤    repo = ""tgpt"";␤    tag = ""v${version}"";␤    hash = ""sha256-q7dod5kKvKny4Zht6KpHpRa7N9Je+tmKVyn9PEde/+c="";␤  }",buildGoModule,97eb7ee0da337d385ab015a23e15022c865be75c,tgpt,2.11.0,fetchFromGitHub,"fetchFromGitHub {␤    owner = ""aandrew-me"";␤    repo = ""tgpt"";␤    tag = ""v${version}"";␤    hash = ""sha256-mEzTvurjG/58qgNtJie7Iy6rSkiu2VbDIu1MiyrcEyo="";␤  }",buildGoModule,97eb7ee0da337d385ab015a23e15022c865be75c,TRUE,TRUE,FALSE,FALSE,FALSE,version_bump,4,1,5,2025-05-27,556709346b108ca6f60e67141533808585694db4,84,2024-02-04,FALSE,1,83,v2.11.0,tag,yes
4c37c67bbe11e5c92a9d5df182bb7e363a5fa00b,e700346e3723331fc9eff7add88530a9c623e1bc,2025-08-16,pkgs/by-name/vo/voxinput/package.nix,voxinput,0.4.0,fetchFromGitHub,"fetchFromGitHub {␤    owner = ""richiejp"";␤    repo = ""VoxInput"";␤    tag = ""v${finalAttrs.version}"";␤    hash = ""sha256-kIKvgPojlkIpDjxaFsHXEvHX3txW9GbachRFksA/Ymg="";␤  }",buildGoModule,c5e2e42c112de623adfd662b3e51f0805bf9ff83,voxinput,0.6.1,fetchFromGitHub,"fetchFromGitHub {␤    owner = ""richiejp"";␤    repo = ""VoxInput"";␤    tag = ""v${finalAttrs.version}"";␤    hash = ""sha256-04RLlE8e8W6vTOz7GF8yEkysp3cwTSOgE1Uk7qXG/ws="";␤  }",buildGoModule,a650b5d0de99158323597f048667c4d914243224,TRUE,TRUE,FALSE,FALSE,FALSE,version_bump,21,5,26,2025-07-22,5a0711127cd8b916c3d3128f473388c8c79df0da,25,2025-05-11,FALSE,10,84,v0.6.1,tag,yes
